edge_id,endpoint_role,node_id,distance_to_shell,x,y,z,flag_gt_0.01,flag_gt_0.1,flag_gt_1.0
E1,start,N1,0.0,158.7300567626953,38.4801025390625,54.799957275390625,False,False,False
E1,end,N475,0.0,158.7300567626953,67.33989715576172,54.799957275390625,False,False,False
E2,start,N476,3.6710422753906258,165.143334,48.099994,51.128915,True,True,True
E2,end,N477,2.313616275390622,165.945,48.099994,52.486341,True,True,True
E3,start,N478,3.6710652753906245,161.936643,48.099994,51.128892,True,True,True
E3,end,N479,2.3136362753906283,161.135004,48.099994,52.486321,True,True,True
E4,start,N476,3.6710422753906258,165.143334,48.099994,51.128915,True,True,True
E4,end,N480,2.1997302753906283,165.143334,46.496667,52.600227,True,True,True
E5,start,N478,3.6710652753906245,161.936643,48.099994,51.128892,True,True,True
E5,end,N481,2.318607275390626,161.936684,46.496667,52.48135,True,True,True
E6,start,N482,5.6587032753906215,164.34167,48.099994,49.141254,True,True,True
E6,end,N476,3.6710422753906258,165.143334,48.099994,51.128915,True,True,True
E7,start,N476,3.6710422753906258,165.143334,48.099994,51.128915,True,True,True
E7,end,N483,2.860003275390625,164.34167,48.099994,51.939954,True,True,True
E8,start,N482,5.6587032753906215,164.34167,48.099994,49.141254,True,True,True
E8,end,N484,4.658237275390626,163.540001,48.099994,50.14172,True,True,True
E9,start,N485,8.691059275390622,163.540001,48.099994,46.108898,True,True,True
E9,end,N482,5.6587032753906215,164.34167,48.099994,49.141254,True,True,True
E10,start,N486,5.658715275390627,162.738374,48.099994,49.141242,True,True,True
E10,end,N478,3.6710652753906245,161.936643,48.099994,51.128892,True,True,True
E11,start,N478,3.6710652753906245,161.936643,48.099994,51.128892,True,True,True
E11,end,N487,2.8600002753906253,162.738359,48.099994,51.939957,True,True,True
E12,start,N486,5.658715275390627,162.738374,48.099994,49.141242,True,True,True
E12,end,N484,4.658237275390626,163.540001,48.099994,50.14172,True,True,True
E13,start,N485,8.691059275390622,163.540001,48.099994,46.108898,True,True,True
E13,end,N486,5.658715275390627,162.738374,48.099994,49.141242,True,True,True
E14,start,N477,2.313616275390622,165.945,48.099994,52.486341,True,True,True
E14,end,N488,1.7389872753906275,165.143334,48.099994,53.06097,True,True,True
E15,start,N477,2.313616275390622,165.945,48.099994,52.486341,True,True,True
E15,end,N489,1.3808722753906224,166.746668,48.099994,53.419085,True,True,True
E16,start,N479,2.3136362753906283,161.135004,48.099994,52.486321,True,True,True
E16,end,N490,1.380965275390622,160.333334,48.099994,53.418992,True,True,True
E17,start,N479,2.3136362753906283,161.135004,48.099994,52.486321,True,True,True
E17,end,N491,1.739027275390626,161.936681,48.099994,53.06093,True,True,True
E18,start,N492,0.8866572753906254,163.540001,41.686674,53.9133,True,True,False
E18,end,N493,0.27859627539062615,163.540001,40.08287,54.521361,True,True,False
E19,start,N493,0.27859627539062615,163.540001,40.08287,54.521361,True,True,False
E19,end,N116,0.0,163.54000854492188,41.68667221069336,54.799957275390625,False,False,False
E20,start,N493,0.27859627539062615,163.540001,40.08287,54.521361,True,True,False
E20,end,N114,0.0,163.54000854492188,38.4801025390625,54.799957275390625,False,False,False
E21,start,N493,0.27859627539062615,163.540001,40.08287,54.521361,True,True,False
E21,end,N96,0.0,162.7383270263672,40.08287048339844,54.799957275390625,False,False,False
E22,start,N493,0.27859627539062615,163.540001,40.08287,54.521361,True,True,False
E22,end,N134,0.0,164.3416748046875,40.08287048339844,54.799957275390625,False,False,False
E23,start,N494,0.4478722753906226,165.143334,43.289653,54.352085,True,True,False
E23,end,N154,0.0,165.14332580566406,41.68667221069336,54.799957275390625,False,False,False
E24,start,N495,1.7869642753906234,163.540001,43.289653,53.012993,True,True,True
E24,end,N492,0.8866572753906254,163.540001,41.686674,53.9133,True,True,False
E25,start,N492,0.8866572753906254,163.540001,41.686674,53.9133,True,True,False
E25,end,N496,0.47677627539062684,163.540001,43.289653,54.323181,True,True,False
E26,start,N496,0.47677627539062684,163.540001,43.289653,54.323181,True,True,False
E26,end,N116,0.0,163.54000854492188,41.68667221069336,54.799957275390625,False,False,False
E27,start,N492,0.8866572753906254,163.540001,41.686674,53.9133,True,True,False
E27,end,N497,0.4043522753906217,164.34167,41.686674,54.395605,True,True,False
E28,start,N497,0.4043522753906217,164.34167,41.686674,54.395605,True,True,False
E28,end,N116,0.0,163.54000854492188,41.68667221069336,54.799957275390625,False,False,False
E29,start,N497,0.4043522753906217,164.34167,41.686674,54.395605,True,True,False
E29,end,N154,0.0,165.14332580566406,41.68667221069336,54.799957275390625,False,False,False
E30,start,N492,0.8866572753906254,163.540001,41.686674,53.9133,True,True,False
E30,end,N498,0.4043522753906217,162.738331,41.686674,54.395605,True,True,False
E31,start,N498,0.4043522753906217,162.738331,41.686674,54.395605,True,True,False
E31,end,N116,0.0,163.54000854492188,41.68667221069336,54.799957275390625,False,False,False
E32,start,N498,0.4043522753906217,162.738331,41.686674,54.395605,True,True,False
E32,end,N78,0.0,161.9366455078125,41.68667221069336,54.799957275390625,False,False,False
E33,start,N499,1.169687275390622,165.143334,44.893577,53.63027,True,True,True
E33,end,N494,0.4478722753906226,165.143334,43.289653,54.352085,True,True,False
E34,start,N500,1.169685275390627,161.936663,44.893577,53.630272,True,True,True
E34,end,N501,0.4478722753906226,161.93667,43.289653,54.352085,True,True,False
E35,start,N494,0.4478722753906226,165.143334,43.289653,54.352085,True,True,False
E35,end,N156,0.0,165.14332580566406,44.8932991027832,54.799957275390625,False,False,False
E36,start,N495,1.7869642753906234,163.540001,43.289653,53.012993,True,True,True
E36,end,N502,1.4189982753906278,163.540001,44.893577,53.380959,True,True,True
E37,start,N502,1.4189982753906278,163.540001,44.893577,53.380959,True,True,True
E37,end,N496,0.47677627539062684,163.540001,43.289653,54.323181,True,True,False
E38,start,N503,3.059477275390627,163.540001,44.893577,51.74048,True,True,True
E38,end,N495,1.7869642753906234,163.540001,43.289653,53.012993,True,True,True
E39,start,N501,0.4478722753906226,161.93667,43.289653,54.352085,True,True,False
E39,end,N80,0.0,161.9366455078125,44.8932991027832,54.799957275390625,False,False,False
E40,start,N496,0.47677627539062684,163.540001,43.289653,54.323181,True,True,False
E40,end,N118,0.0,163.54000854492188,44.8932991027832,54.799957275390625,False,False,False
E41,start,N494,0.4478722753906226,165.143334,43.289653,54.352085,True,True,False
E41,end,N136,0.0,164.3416748046875,43.28965377807617,54.799957275390625,False,False,False
E42,start,N504,1.125794275390625,164.34167,43.289653,53.674163,True,True,True
E42,end,N494,0.4478722753906226,165.143334,43.289653,54.352085,True,True,False
E43,start,N495,1.7869642753906234,163.540001,43.289653,53.012993,True,True,True
E43,end,N504,1.125794275390625,164.34167,43.289653,53.674163,True,True,True
E44,start,N504,1.125794275390625,164.34167,43.289653,53.674163,True,True,True
E44,end,N496,0.47677627539062684,163.540001,43.289653,54.323181,True,True,False
E45,start,N496,0.47677627539062684,163.540001,43.289653,54.323181,True,True,False
E45,end,N136,0.0,164.3416748046875,43.28965377807617,54.799957275390625,False,False,False
E46,start,N494,0.4478722753906226,165.143334,43.289653,54.352085,True,True,False
E46,end,N174,0.0,165.94500732421875,43.28965377807617,54.799957275390625,False,False,False
E47,start,N495,1.7869642753906234,163.540001,43.289653,53.012993,True,True,True
E47,end,N505,1.125794275390625,162.738336,43.289653,53.674163,True,True,True
E48,start,N505,1.125794275390625,162.738336,43.289653,53.674163,True,True,True
E48,end,N496,0.47677627539062684,163.540001,43.289653,54.323181,True,True,False
E49,start,N501,0.4478722753906226,161.93667,43.289653,54.352085,True,True,False
E49,end,N98,0.0,162.7383270263672,43.28965377807617,54.799957275390625,False,False,False
E50,start,N501,0.4478722753906226,161.93667,43.289653,54.352085,True,True,False
E50,end,N78,0.0,161.9366455078125,41.68667221069336,54.799957275390625,False,False,False
E51,start,N505,1.125794275390625,162.738336,43.289653,53.674163,True,True,True
E51,end,N501,0.4478722753906226,161.93667,43.289653,54.352085,True,True,False
E52,start,N501,0.4478722753906226,161.93667,43.289653,54.352085,True,True,False
E52,end,N60,0.0,161.13499450683594,43.28965377807617,54.799957275390625,False,False,False
E53,start,N496,0.47677627539062684,163.540001,43.289653,54.323181,True,True,False
E53,end,N98,0.0,162.7383270263672,43.28965377807617,54.799957275390625,False,False,False
E54,start,N506,0.5010372753906225,166.746668,46.496667,54.29892,True,True,False
E54,end,N194,0.0,166.74664306640625,44.8932991027832,54.799957275390625,False,False,False
E55,start,N507,0.5010572753906217,160.333345,46.496667,54.2989,True,True,False
E55,end,N42,0.0,160.3333282470703,44.8932991027832,54.799957275390625,False,False,False
E56,start,N499,1.169687275390622,165.143334,44.893577,53.63027,True,True,True
E56,end,N508,0.6227122753906258,165.143334,46.496667,54.177245,True,True,False
E57,start,N500,1.169685275390627,161.936663,44.893577,53.630272,True,True,True
E57,end,N509,0.6227162753906228,161.936675,46.496667,54.177241,True,True,False
E58,start,N508,0.6227122753906258,165.143334,46.496667,54.177245,True,True,False
E58,end,N156,0.0,165.14332580566406,44.8932991027832,54.799957275390625,False,False,False
E59,start,N509,0.6227162753906228,161.936675,46.496667,54.177241,True,True,False
E59,end,N80,0.0,161.9366455078125,44.8932991027832,54.799957275390625,False,False,False
E60,start,N480,2.1997302753906283,165.143334,46.496667,52.600227,True,True,True
E60,end,N499,1.169687275390622,165.143334,44.893577,53.63027,True,True,True
E61,start,N481,2.318607275390626,161.936684,46.496667,52.48135,True,True,True
E61,end,N500,1.169685275390627,161.936663,44.893577,53.630272,True,True,True
E62,start,N502,1.4189982753906278,163.540001,44.893577,53.380959,True,True,True
E62,end,N510,0.7704852753906266,163.540001,46.496667,54.029472,True,True,False
E63,start,N510,0.7704852753906266,163.540001,46.496667,54.029472,True,True,False
E63,end,N118,0.0,163.54000854492188,44.8932991027832,54.799957275390625,False,False,False
E64,start,N511,2.753743275390626,163.540001,46.496667,52.046214,True,True,True
E64,end,N502,1.4189982753906278,163.540001,44.893577,53.380959,True,True,True
E65,start,N512,5.171537275390627,163.540001,46.496667,49.62842,True,True,True
E65,end,N503,3.059477275390627,163.540001,44.893577,51.74048,True,True,True
E66,start,N503,3.059477275390627,163.540001,44.893577,51.74048,True,True,True
E66,end,N511,2.753743275390626,163.540001,46.496667,52.046214,True,True,True
E67,start,N513,2.2270392753906236,164.34167,44.893577,52.572918,True,True,True
E67,end,N499,1.169687275390622,165.143334,44.893577,53.63027,True,True,True
E68,start,N499,1.169687275390622,165.143334,44.893577,53.63027,True,True,True
E68,end,N514,0.6239372753906238,164.34167,44.893577,54.17602,True,True,False
E69,start,N499,1.169687275390622,165.143334,44.893577,53.63027,True,True,True
E69,end,N515,0.570070275390627,165.945,44.893577,54.229887,True,True,False
E70,start,N516,2.227038275390626,162.738339,44.893577,52.572919,True,True,True
E70,end,N500,1.169685275390627,161.936663,44.893577,53.630272,True,True,True
E71,start,N500,1.169685275390627,161.936663,44.893577,53.630272,True,True,True
E71,end,N517,0.6239362753906263,162.738339,44.893577,54.176021,True,True,False
E72,start,N500,1.169685275390627,161.936663,44.893577,53.630272,True,True,True
E72,end,N518,0.5700692753906225,161.135006,44.893577,54.229888,True,True,False
E73,start,N514,0.6239372753906238,164.34167,44.893577,54.17602,True,True,False
E73,end,N156,0.0,165.14332580566406,44.8932991027832,54.799957275390625,False,False,False
E74,start,N513,2.2270392753906236,164.34167,44.893577,52.572918,True,True,True
E74,end,N502,1.4189982753906278,163.540001,44.893577,53.380959,True,True,True
E75,start,N514,0.6239372753906238,164.34167,44.893577,54.17602,True,True,False
E75,end,N118,0.0,163.54000854492188,44.8932991027832,54.799957275390625,False,False,False
E76,start,N502,1.4189982753906278,163.540001,44.893577,53.380959,True,True,True
E76,end,N514,0.6239372753906238,164.34167,44.893577,54.17602,True,True,False
E77,start,N503,3.059477275390627,163.540001,44.893577,51.74048,True,True,True
E77,end,N513,2.2270392753906236,164.34167,44.893577,52.572918,True,True,True
E78,start,N515,0.570070275390627,165.945,44.893577,54.229887,True,True,False
E78,end,N156,0.0,165.14332580566406,44.8932991027832,54.799957275390625,False,False,False
E79,start,N515,0.570070275390627,165.945,44.893577,54.229887,True,True,False
E79,end,N194,0.0,166.74664306640625,44.8932991027832,54.799957275390625,False,False,False
E80,start,N516,2.227038275390626,162.738339,44.893577,52.572919,True,True,True
E80,end,N502,1.4189982753906278,163.540001,44.893577,53.380959,True,True,True
E81,start,N518,0.5700692753906225,161.135006,44.893577,54.229888,True,True,False
E81,end,N80,0.0,161.9366455078125,44.8932991027832,54.799957275390625,False,False,False
E82,start,N517,0.6239362753906263,162.738339,44.893577,54.176021,True,True,False
E82,end,N118,0.0,163.54000854492188,44.8932991027832,54.799957275390625,False,False,False
E83,start,N502,1.4189982753906278,163.540001,44.893577,53.380959,True,True,True
E83,end,N517,0.6239362753906263,162.738339,44.893577,54.176021,True,True,False
E84,start,N518,0.5700692753906225,161.135006,44.893577,54.229888,True,True,False
E84,end,N42,0.0,160.3333282470703,44.8932991027832,54.799957275390625,False,False,False
E85,start,N517,0.6239362753906263,162.738339,44.893577,54.176021,True,True,False
E85,end,N80,0.0,161.9366455078125,44.8932991027832,54.799957275390625,False,False,False
E86,start,N503,3.059477275390627,163.540001,44.893577,51.74048,True,True,True
E86,end,N516,2.227038275390626,162.738339,44.893577,52.572919,True,True,True
E87,start,N506,0.5010372753906225,166.746668,46.496667,54.29892,True,True,False
E87,end,N196,0.0,166.74664306640625,48.09999084472656,54.799957275390625,False,False,False
E88,start,N489,1.3808722753906224,166.746668,48.099994,53.419085,True,True,True
E88,end,N506,0.5010372753906225,166.746668,46.496667,54.29892,True,True,False
E89,start,N490,1.380965275390622,160.333334,48.099994,53.418992,True,True,True
E89,end,N507,0.5010572753906217,160.333345,46.496667,54.2989,True,True,False
E90,start,N507,0.5010572753906217,160.333345,46.496667,54.2989,True,True,False
E90,end,N44,0.0,160.3333282470703,48.09999084472656,54.799957275390625,False,False,False
E91,start,N508,0.6227122753906258,165.143334,46.496667,54.177245,True,True,False
E91,end,N158,0.0,165.14332580566406,48.09999084472656,54.799957275390625,False,False,False
E92,start,N488,1.7389872753906275,165.143334,48.099994,53.06097,True,True,True
E92,end,N508,0.6227122753906258,165.143334,46.496667,54.177245,True,True,False
E93,start,N509,0.6227162753906228,161.936675,46.496667,54.177241,True,True,False
E93,end,N82,0.0,161.9366455078125,48.09999084472656,54.799957275390625,False,False,False
E94,start,N491,1.739027275390626,161.936681,48.099994,53.06093,True,True,True
E94,end,N509,0.6227162753906228,161.936675,46.496667,54.177241,True,True,False
E95,start,N480,2.1997302753906283,165.143334,46.496667,52.600227,True,True,True
E95,end,N488,1.7389872753906275,165.143334,48.099994,53.06097,True,True,True
E96,start,N481,2.318607275390626,161.936684,46.496667,52.48135,True,True,True
E96,end,N491,1.739027275390626,161.936681,48.099994,53.06093,True,True,True
E97,start,N510,0.7704852753906266,163.540001,46.496667,54.029472,True,True,False
E97,end,N120,0.0,163.54000854492188,48.09999084472656,54.799957275390625,False,False,False
E98,start,N519,1.8768362753906231,163.540001,48.099994,52.923121,True,True,True
E98,end,N510,0.7704852753906266,163.540001,46.496667,54.029472,True,True,False
E99,start,N484,4.658237275390626,163.540001,48.099994,50.14172,True,True,True
E99,end,N511,2.753743275390626,163.540001,46.496667,52.046214,True,True,True
E100,start,N512,5.171537275390627,163.540001,46.496667,49.62842,True,True,True
E100,end,N484,4.658237275390626,163.540001,48.099994,50.14172,True,True,True
E101,start,N511,2.753743275390626,163.540001,46.496667,52.046214,True,True,True
E101,end,N519,1.8768362753906231,163.540001,48.099994,52.923121,True,True,True
E102,start,N485,8.691059275390622,163.540001,48.099994,46.108898,True,True,True
E102,end,N512,5.171537275390627,163.540001,46.496667,49.62842,True,True,True
E103,start,N506,0.5010372753906225,166.746668,46.496667,54.29892,True,True,False
E103,end,N176,0.0,165.94500732421875,46.496665954589844,54.799957275390625,False,False,False
E104,start,N520,1.5690162753906236,165.945,46.496667,53.230941,True,True,True
E104,end,N506,0.5010372753906225,166.746668,46.496667,54.29892,True,True,False
E105,start,N506,0.5010372753906225,166.746668,46.496667,54.29892,True,True,False
E105,end,N214,0.0,167.54832458496094,46.496665954589844,54.799957275390625,False,False,False
E106,start,N507,0.5010572753906217,160.333345,46.496667,54.2989,True,True,False
E106,end,N62,0.0,161.13499450683594,46.496665954589844,54.799957275390625,False,False,False
E107,start,N521,1.5690172753906282,161.13501,46.496667,53.23094,True,True,True
E107,end,N507,0.5010572753906217,160.333345,46.496667,54.2989,True,True,False
E108,start,N507,0.5010572753906217,160.333345,46.496667,54.2989,True,True,False
E108,end,N11,0.0,159.53167724609375,46.496665954589844,54.799957275390625,False,False,False
E109,start,N508,0.6227122753906258,165.143334,46.496667,54.177245,True,True,False
E109,end,N138,0.0,164.3416748046875,46.496665954589844,54.799957275390625,False,False,False
E110,start,N522,1.7444662753906215,164.34167,46.496667,53.055491,True,True,True
E110,end,N508,0.6227122753906258,165.143334,46.496667,54.177245,True,True,False
E111,start,N520,1.5690162753906236,165.945,46.496667,53.230941,True,True,True
E111,end,N508,0.6227122753906258,165.143334,46.496667,54.177245,True,True,False
E112,start,N508,0.6227122753906258,165.143334,46.496667,54.177245,True,True,False
E112,end,N176,0.0,165.94500732421875,46.496665954589844,54.799957275390625,False,False,False
E113,start,N521,1.5690172753906282,161.13501,46.496667,53.23094,True,True,True
E113,end,N509,0.6227162753906228,161.936675,46.496667,54.177241,True,True,False
E114,start,N509,0.6227162753906228,161.936675,46.496667,54.177241,True,True,False
E114,end,N100,0.0,162.7383270263672,46.496665954589844,54.799957275390625,False,False,False
E115,start,N523,1.7444662753906215,162.738342,46.496667,53.055491,True,True,True
E115,end,N509,0.6227162753906228,161.936675,46.496667,54.177241,True,True,False
E116,start,N509,0.6227162753906228,161.936675,46.496667,54.177241,True,True,False
E116,end,N62,0.0,161.13499450683594,46.496665954589844,54.799957275390625,False,False,False
E117,start,N524,3.7297112753906276,164.34167,46.496667,51.070246,True,True,True
E117,end,N480,2.1997302753906283,165.143334,46.496667,52.600227,True,True,True
E118,start,N480,2.1997302753906283,165.143334,46.496667,52.600227,True,True,True
E118,end,N522,1.7444662753906215,164.34167,46.496667,53.055491,True,True,True
E119,start,N522,1.7444662753906215,164.34167,46.496667,53.055491,True,True,True
E119,end,N510,0.7704852753906266,163.540001,46.496667,54.029472,True,True,False
E120,start,N510,0.7704852753906266,163.540001,46.496667,54.029472,True,True,False
E120,end,N138,0.0,164.3416748046875,46.496665954589844,54.799957275390625,False,False,False
E121,start,N511,2.753743275390626,163.540001,46.496667,52.046214,True,True,True
E121,end,N522,1.7444662753906215,164.34167,46.496667,53.055491,True,True,True
E122,start,N524,3.7297112753906276,164.34167,46.496667,51.070246,True,True,True
E122,end,N511,2.753743275390626,163.540001,46.496667,52.046214,True,True,True
E123,start,N512,5.171537275390627,163.540001,46.496667,49.62842,True,True,True
E123,end,N524,3.7297112753906276,164.34167,46.496667,51.070246,True,True,True
E124,start,N480,2.1997302753906283,165.143334,46.496667,52.600227,True,True,True
E124,end,N520,1.5690162753906236,165.945,46.496667,53.230941,True,True,True
E125,start,N525,3.7297112753906276,162.738356,46.496667,51.070246,True,True,True
E125,end,N481,2.318607275390626,161.936684,46.496667,52.48135,True,True,True
E126,start,N481,2.318607275390626,161.936684,46.496667,52.48135,True,True,True
E126,end,N523,1.7444662753906215,162.738342,46.496667,53.055491,True,True,True
E127,start,N481,2.318607275390626,161.936684,46.496667,52.48135,True,True,True
E127,end,N521,1.5690172753906282,161.13501,46.496667,53.23094,True,True,True
E128,start,N523,1.7444662753906215,162.738342,46.496667,53.055491,True,True,True
E128,end,N510,0.7704852753906266,163.540001,46.496667,54.029472,True,True,False
E129,start,N510,0.7704852753906266,163.540001,46.496667,54.029472,True,True,False
E129,end,N100,0.0,162.7383270263672,46.496665954589844,54.799957275390625,False,False,False
E130,start,N512,5.171537275390627,163.540001,46.496667,49.62842,True,True,True
E130,end,N525,3.7297112753906276,162.738356,46.496667,51.070246,True,True,True
E131,start,N525,3.7297112753906276,162.738356,46.496667,51.070246,True,True,True
E131,end,N511,2.753743275390626,163.540001,46.496667,52.046214,True,True,True
E132,start,N511,2.753743275390626,163.540001,46.496667,52.046214,True,True,True
E132,end,N523,1.7444662753906215,162.738342,46.496667,53.055491,True,True,True
E133,start,N483,2.860003275390625,164.34167,48.099994,51.939954,True,True,True
E133,end,N488,1.7389872753906275,165.143334,48.099994,53.06097,True,True,True
E134,start,N488,1.7389872753906275,165.143334,48.099994,53.06097,True,True,True
E134,end,N526,0.9054942753906232,164.34167,48.099994,53.894463,True,True,False
E135,start,N526,0.9054942753906232,164.34167,48.099994,53.894463,True,True,False
E135,end,N158,0.0,165.14332580566406,48.09999084472656,54.799957275390625,False,False,False
E136,start,N484,4.658237275390626,163.540001,48.099994,50.14172,True,True,True
E136,end,N483,2.860003275390625,164.34167,48.099994,51.939954,True,True,True
E137,start,N483,2.860003275390625,164.34167,48.099994,51.939954,True,True,True
E137,end,N519,1.8768362753906231,163.540001,48.099994,52.923121,True,True,True
E138,start,N526,0.9054942753906232,164.34167,48.099994,53.894463,True,True,False
E138,end,N120,0.0,163.54000854492188,48.09999084472656,54.799957275390625,False,False,False
E139,start,N519,1.8768362753906231,163.540001,48.099994,52.923121,True,True,True
E139,end,N526,0.9054942753906232,164.34167,48.099994,53.894463,True,True,False
E140,start,N527,0.7937172753906268,165.945,48.099994,54.00624,True,True,False
E140,end,N158,0.0,165.14332580566406,48.09999084472656,54.799957275390625,False,False,False
E141,start,N488,1.7389872753906275,165.143334,48.099994,53.06097,True,True,True
E141,end,N527,0.7937172753906268,165.945,48.099994,54.00624,True,True,False
E142,start,N489,1.3808722753906224,166.746668,48.099994,53.419085,True,True,True
E142,end,N527,0.7937172753906268,165.945,48.099994,54.00624,True,True,False
E143,start,N527,0.7937172753906268,165.945,48.099994,54.00624,True,True,False
E143,end,N196,0.0,166.74664306640625,48.09999084472656,54.799957275390625,False,False,False
E144,start,N528,0.6720002753906229,167.54833,48.099994,54.127957,True,True,False
E144,end,N196,0.0,166.74664306640625,48.09999084472656,54.799957275390625,False,False,False
E145,start,N489,1.3808722753906224,166.746668,48.099994,53.419085,True,True,True
E145,end,N528,0.6720002753906229,167.54833,48.099994,54.127957,True,True,False
E146,start,N484,4.658237275390626,163.540001,48.099994,50.14172,True,True,True
E146,end,N487,2.8600002753906253,162.738359,48.099994,51.939957,True,True,True
E147,start,N487,2.8600002753906253,162.738359,48.099994,51.939957,True,True,True
E147,end,N519,1.8768362753906231,163.540001,48.099994,52.923121,True,True,True
E148,start,N487,2.8600002753906253,162.738359,48.099994,51.939957,True,True,True
E148,end,N491,1.739027275390626,161.936681,48.099994,53.06093,True,True,True
E149,start,N529,0.7937062753906261,161.135017,48.099994,54.006251,True,True,False
E149,end,N44,0.0,160.3333282470703,48.09999084472656,54.799957275390625,False,False,False
E150,start,N491,1.739027275390626,161.936681,48.099994,53.06093,True,True,True
E150,end,N529,0.7937062753906261,161.135017,48.099994,54.006251,True,True,False
E151,start,N490,1.380965275390622,160.333334,48.099994,53.418992,True,True,True
E151,end,N529,0.7937062753906261,161.135017,48.099994,54.006251,True,True,False
E152,start,N491,1.739027275390626,161.936681,48.099994,53.06093,True,True,True
E152,end,N530,0.9054852753906246,162.73834,48.099994,53.894472,True,True,False
E153,start,N531,0.6720502753906246,159.531671,48.099994,54.127907,True,True,False
E153,end,N44,0.0,160.3333282470703,48.09999084472656,54.799957275390625,False,False,False
E154,start,N529,0.7937062753906261,161.135017,48.099994,54.006251,True,True,False
E154,end,N82,0.0,161.9366455078125,48.09999084472656,54.799957275390625,False,False,False
E155,start,N530,0.9054852753906246,162.73834,48.099994,53.894472,True,True,False
E155,end,N120,0.0,163.54000854492188,48.09999084472656,54.799957275390625,False,False,False
E156,start,N490,1.380965275390622,160.333334,48.099994,53.418992,True,True,True
E156,end,N531,0.6720502753906246,159.531671,48.099994,54.127907,True,True,False
E157,start,N519,1.8768362753906231,163.540001,48.099994,52.923121,True,True,True
E157,end,N530,0.9054852753906246,162.73834,48.099994,53.894472,True,True,False
E158,start,N531,0.6720502753906246,159.531671,48.099994,54.127907,True,True,False
E158,end,N14,0.0,158.7300567626953,48.09999465942383,54.799957275390625,False,False,False
E159,start,N530,0.9054852753906246,162.73834,48.099994,53.894472,True,True,False
E159,end,N82,0.0,161.9366455078125,48.09999084472656,54.799957275390625,False,False,False
E160,start,N528,0.6720002753906229,167.54833,48.099994,54.127957,True,True,False
E160,end,N234,0.0,168.34999084472656,48.09999084472656,54.799957275390625,False,False,False
E161,start,N532,0.899221275390623,165.945014,43.289978,53.900736,True,True,False
E161,end,N194,0.0,166.74664306640625,44.8932991027832,54.799957275390625,False,False,False
E162,start,N154,0.0,165.14332580566406,41.68667221069336,54.799957275390625,False,False,False
E162,end,N532,0.899221275390623,165.945014,43.289978,53.900736,True,True,False
E163,start,N533,0.6274682753906262,167.548325,46.496657,54.172489,True,True,False
E163,end,N194,0.0,166.74664306640625,44.8932991027832,54.799957275390625,False,False,False
E164,start,N532,0.899221275390623,165.945014,43.289978,53.900736,True,True,False
E164,end,N534,1.199835275390626,165.143315,41.68671,53.600122,True,True,True
E165,start,N533,0.6274682753906262,167.548325,46.496657,54.172489,True,True,False
E165,end,N234,0.0,168.34999084472656,48.09999084472656,54.799957275390625,False,False,False
E166,start,N535,1.3527662753906284,166.746642,44.893379,53.447191,True,True,True
E166,end,N533,0.6274682753906262,167.548325,46.496657,54.172489,True,True,False
E167,start,N532,0.899221275390623,165.945014,43.289978,53.900736,True,True,False
E167,end,N535,1.3527662753906284,166.746642,44.893379,53.447191,True,True,True
E168,start,N534,1.199835275390626,165.143315,41.68671,53.600122,True,True,True
E168,end,N118,0.0,163.54000854492188,44.8932991027832,54.799957275390625,False,False,False
E169,start,N535,1.3527662753906284,166.746642,44.893379,53.447191,True,True,True
E169,end,N158,0.0,165.14332580566406,48.09999084472656,54.799957275390625,False,False,False
E170,start,N536,0.8992052753906279,161.134987,43.289978,53.900752,True,True,False
E170,end,N42,0.0,160.3333282470703,44.8932991027832,54.799957275390625,False,False,False
E171,start,N78,0.0,161.9366455078125,41.68667221069336,54.799957275390625,False,False,False
E171,end,N536,0.8992052753906279,161.134987,43.289978,53.900752,True,True,False
E172,start,N537,0.6274602753906251,159.531676,46.496657,54.172497,True,True,False
E172,end,N42,0.0,160.3333282470703,44.8932991027832,54.799957275390625,False,False,False
E173,start,N536,0.8992052753906279,161.134987,43.289978,53.900752,True,True,False
E173,end,N538,1.199831275390622,161.936686,41.68671,53.600126,True,True,True
E174,start,N537,0.6274602753906251,159.531676,46.496657,54.172497,True,True,False
E174,end,N14,0.0,158.7300567626953,48.09999465942383,54.799957275390625,False,False,False
E175,start,N539,1.3527512753906237,160.33336,44.893379,53.447206,True,True,True
E175,end,N537,0.6274602753906251,159.531676,46.496657,54.172497,True,True,False
E176,start,N536,0.8992052753906279,161.134987,43.289978,53.900752,True,True,False
E176,end,N539,1.3527512753906237,160.33336,44.893379,53.447206,True,True,True
E177,start,N538,1.199831275390622,161.936686,41.68671,53.600126,True,True,True
E177,end,N118,0.0,163.54000854492188,44.8932991027832,54.799957275390625,False,False,False
E178,start,N539,1.3527512753906237,160.33336,44.893379,53.447206,True,True,True
E178,end,N82,0.0,161.9366455078125,48.09999084472656,54.799957275390625,False,False,False
E179,start,N537,0.6274602753906251,159.531676,46.496657,54.172497,True,True,False
E179,end,N490,1.380965275390622,160.333334,48.099994,53.418992,True,True,True
E180,start,N10,0.0,158.7300567626953,44.893577575683594,54.799957275390625,False,False,False
E180,end,N537,0.6274602753906251,159.531676,46.496657,54.172497,True,True,False
E181,start,N6,0.0,158.7300567626953,41.68670654296875,54.799957275390625,False,False,False
E181,end,N539,1.3527512753906237,160.33336,44.893379,53.447206,True,True,True
E182,start,N538,1.199831275390622,161.936686,41.68671,53.600126,True,True,True
E182,end,N503,3.059477275390627,163.540001,44.893577,51.74048,True,True,True
E183,start,N38,0.0,160.3333282470703,38.4801025390625,54.799957275390625,False,False,False
E183,end,N538,1.199831275390622,161.936686,41.68671,53.600126,True,True,True
E184,start,N536,0.8992052753906279,161.134987,43.289978,53.900752,True,True,False
E184,end,N1,0.0,158.7300567626953,38.4801025390625,54.799957275390625,False,False,False
E185,start,N534,1.199835275390626,165.143315,41.68671,53.600122,True,True,True
E185,end,N503,3.059477275390627,163.540001,44.893577,51.74048,True,True,True
E186,start,N190,0.0,166.74664306640625,38.4801025390625,54.799957275390625,False,False,False
E186,end,N534,1.199835275390626,165.143315,41.68671,53.600122,True,True,True
E187,start,N533,0.6274682753906262,167.548325,46.496657,54.172489,True,True,False
E187,end,N489,1.3808722753906224,166.746668,48.099994,53.419085,True,True,True
E188,start,N232,0.0,168.34999084472656,44.8932991027832,54.799957275390625,False,False,False
E188,end,N533,0.6274682753906262,167.548325,46.496657,54.172489,True,True,False
E189,start,N230,0.0,168.34999084472656,41.68667221069336,54.799957275390625,False,False,False
E189,end,N535,1.3527662753906284,166.746642,44.893379,53.447191,True,True,True
E190,start,N532,0.899221275390623,165.945014,43.289978,53.900736,True,True,False
E190,end,N228,0.0,168.34999084472656,38.4801025390625,54.799957275390625,False,False,False
E191,start,N540,1.069955275390626,165.945008,50.505013,53.730002,True,True,True
E191,end,N197,0.0,166.74664306640625,49.70332717895508,54.799957275390625,False,False,False
E192,start,N160,0.0,165.14332580566406,51.3066520690918,54.799957275390625,False,False,False
E192,end,N540,1.069955275390626,165.945008,50.505013,53.730002,True,True,True
E193,start,N541,0.7397852753906236,164.341675,52.108324,54.060172,True,True,False
E193,end,N160,0.0,165.14332580566406,51.3066520690918,54.799957275390625,False,False,False
E194,start,N542,0.686488275390623,167.548326,48.901675,54.113469,True,True,False
E194,end,N197,0.0,166.74664306640625,49.70332717895508,54.799957275390625,False,False,False
E195,start,N541,0.7397852753906236,164.341675,52.108324,54.060172,True,True,False
E195,end,N123,0.0,163.54000854492188,52.90999984741211,54.799957275390625,False,False,False
E196,start,N543,1.5841942753906224,165.143301,51.306632,53.215763,True,True,True
E196,end,N541,0.7397852753906236,164.341675,52.108324,54.060172,True,True,False
E197,start,N540,1.069955275390626,165.945008,50.505013,53.730002,True,True,True
E197,end,N543,1.5841942753906224,165.143301,51.306632,53.215763,True,True,True
E198,start,N542,0.686488275390623,167.548326,48.901675,54.113469,True,True,False
E198,end,N234,0.0,168.34999084472656,48.09999084472656,54.799957275390625,False,False,False
E199,start,N544,1.4773802753906224,166.746639,49.703307,53.322577,True,True,True
E199,end,N542,0.686488275390623,167.548326,48.901675,54.113469,True,True,False
E200,start,N540,1.069955275390626,165.945008,50.505013,53.730002,True,True,True
E200,end,N544,1.4773802753906224,166.746639,49.703307,53.322577,True,True,True
E201,start,N543,1.5841942753906224,165.143301,51.306632,53.215763,True,True,True
E201,end,N121,0.0,163.54000854492188,49.70332717895508,54.799957275390625,False,False,False
E202,start,N544,1.4773802753906224,166.746639,49.703307,53.322577,True,True,True
E202,end,N158,0.0,165.14332580566406,48.09999084472656,54.799957275390625,False,False,False
E203,start,N545,1.0699442753906254,161.134993,50.505013,53.730013,True,True,True
E203,end,N45,0.0,160.3333282470703,49.70332717895508,54.799957275390625,False,False,False
E204,start,N84,0.0,161.9366455078125,51.3066520690918,54.799957275390625,False,False,False
E204,end,N545,1.0699442753906254,161.134993,50.505013,53.730013,True,True,True
E205,start,N546,0.7397872753906256,162.738326,52.108324,54.06017,True,True,False
E205,end,N84,0.0,161.9366455078125,51.3066520690918,54.799957275390625,False,False,False
E206,start,N547,0.6865442753906237,159.531675,48.901675,54.113413,True,True,False
E206,end,N45,0.0,160.3333282470703,49.70332717895508,54.799957275390625,False,False,False
E207,start,N546,0.7397872753906256,162.738326,52.108324,54.06017,True,True,False
E207,end,N123,0.0,163.54000854492188,52.90999984741211,54.799957275390625,False,False,False
E208,start,N548,1.584197275390622,161.9367,51.306632,53.21576,True,True,True
E208,end,N546,0.7397872753906256,162.738326,52.108324,54.06017,True,True,False
E209,start,N545,1.0699442753906254,161.134993,50.505013,53.730013,True,True,True
E209,end,N548,1.584197275390622,161.9367,51.306632,53.21576,True,True,True
E210,start,N547,0.6865442753906237,159.531675,48.901675,54.113413,True,True,False
E210,end,N14,0.0,158.7300567626953,48.09999465942383,54.799957275390625,False,False,False
E211,start,N549,1.477379275390625,160.333362,49.703307,53.322578,True,True,True
E211,end,N547,0.6865442753906237,159.531675,48.901675,54.113413,True,True,False
E212,start,N545,1.0699442753906254,161.134993,50.505013,53.730013,True,True,True
E212,end,N549,1.477379275390625,160.333362,49.703307,53.322578,True,True,True
E213,start,N548,1.584197275390622,161.9367,51.306632,53.21576,True,True,True
E213,end,N121,0.0,163.54000854492188,49.70332717895508,54.799957275390625,False,False,False
E214,start,N549,1.477379275390625,160.333362,49.703307,53.322578,True,True,True
E214,end,N82,0.0,161.9366455078125,48.09999084472656,54.799957275390625,False,False,False
E215,start,N547,0.6865442753906237,159.531675,48.901675,54.113413,True,True,False
E215,end,N490,1.380965275390622,160.333334,48.099994,53.418992,True,True,True
E216,start,N16,0.0,158.7300567626953,49.70335006713867,54.799957275390625,False,False,False
E216,end,N547,0.6865442753906237,159.531675,48.901675,54.113413,True,True,False
E217,start,N18,0.0,158.7300567626953,51.30665588378906,54.799957275390625,False,False,False
E217,end,N549,1.477379275390625,160.333362,49.703307,53.322578,True,True,True
E218,start,N546,0.7397872753906256,162.738326,52.108324,54.06017,True,True,False
E218,end,N550,1.5216362753906267,163.540001,51.306639,53.278321,True,True,True
E219,start,N85,0.0,161.9366455078125,52.90999984741211,54.799957275390625,False,False,False
E219,end,N546,0.7397872753906256,162.738326,52.108324,54.06017,True,True,False
E220,start,N548,1.584197275390622,161.9367,51.306632,53.21576,True,True,True
E220,end,N551,3.8020142753906256,163.540001,49.703319,50.997943,True,True,True
E221,start,N47,0.0,160.3333282470703,52.90999984741211,54.799957275390625,False,False,False
E221,end,N548,1.584197275390622,161.9367,51.306632,53.21576,True,True,True
E222,start,N545,1.0699442753906254,161.134993,50.505013,53.730013,True,True,True
E222,end,N20,0.0,158.7300567626953,52.90999984741211,54.799957275390625,False,False,False
E223,start,N541,0.7397852753906236,164.341675,52.108324,54.060172,True,True,False
E223,end,N550,1.5216362753906267,163.540001,51.306639,53.278321,True,True,True
E224,start,N161,0.0,165.14332580566406,52.90999984741211,54.799957275390625,False,False,False
E224,end,N541,0.7397852753906236,164.341675,52.108324,54.060172,True,True,False
E225,start,N543,1.5841942753906224,165.143301,51.306632,53.215763,True,True,True
E225,end,N551,3.8020142753906256,163.540001,49.703319,50.997943,True,True,True
E226,start,N199,0.0,166.74664306640625,52.90999984741211,54.799957275390625,False,False,False
E226,end,N543,1.5841942753906224,165.143301,51.306632,53.215763,True,True,True
E227,start,N542,0.686488275390623,167.548326,48.901675,54.113469,True,True,False
E227,end,N489,1.3808722753906224,166.746668,48.099994,53.419085,True,True,True
E228,start,N235,0.0,168.34999084472656,49.70332717895508,54.799957275390625,False,False,False
E228,end,N542,0.686488275390623,167.548326,48.901675,54.113469,True,True,False
E229,start,N236,0.0,168.34999084472656,51.3066520690918,54.799957275390625,False,False,False
E229,end,N544,1.4773802753906224,166.746639,49.703307,53.322577,True,True,True
E230,start,N540,1.069955275390626,165.945008,50.505013,53.730002,True,True,True
E230,end,N237,0.0,168.34999084472656,52.90999984741211,54.799957275390625,False,False,False
E231,start,N552,1.543300275390628,165.143334,49.703327,53.256657,True,True,True
E231,end,N160,0.0,165.14332580566406,51.3066520690918,54.799957275390625,False,False,False
E232,start,N550,1.5216362753906267,163.540001,51.306639,53.278321,True,True,True
E232,end,N121,0.0,163.54000854492188,49.70332717895508,54.799957275390625,False,False,False
E233,start,N551,3.8020142753906256,163.540001,49.703319,50.997943,True,True,True
E233,end,N550,1.5216362753906267,163.540001,51.306639,53.278321,True,True,True
E234,start,N550,1.5216362753906267,163.540001,51.306639,53.278321,True,True,True
E234,end,N160,0.0,165.14332580566406,51.3066520690918,54.799957275390625,False,False,False
E235,start,N550,1.5216362753906267,163.540001,51.306639,53.278321,True,True,True
E235,end,N123,0.0,163.54000854492188,52.90999984741211,54.799957275390625,False,False,False
E236,start,N550,1.5216362753906267,163.540001,51.306639,53.278321,True,True,True
E236,end,N84,0.0,161.9366455078125,51.3066520690918,54.799957275390625,False,False,False
E237,start,N552,1.543300275390628,165.143334,49.703327,53.256657,True,True,True
E237,end,N197,0.0,166.74664306640625,49.70332717895508,54.799957275390625,False,False,False
E238,start,N551,3.8020142753906256,163.540001,49.703319,50.997943,True,True,True
E238,end,N552,1.543300275390628,165.143334,49.703327,53.256657,True,True,True
E239,start,N552,1.543300275390628,165.143334,49.703327,53.256657,True,True,True
E239,end,N158,0.0,165.14332580566406,48.09999084472656,54.799957275390625,False,False,False
E240,start,N552,1.543300275390628,165.143334,49.703327,53.256657,True,True,True
E240,end,N121,0.0,163.54000854492188,49.70332717895508,54.799957275390625,False,False,False
E241,start,N551,3.8020142753906256,163.540001,49.703319,50.997943,True,True,True
E241,end,N553,1.543300275390628,161.936694,49.703327,53.256657,True,True,True
E242,start,N553,1.543300275390628,161.936694,49.703327,53.256657,True,True,True
E242,end,N82,0.0,161.9366455078125,48.09999084472656,54.799957275390625,False,False,False
E243,start,N553,1.543300275390628,161.936694,49.703327,53.256657,True,True,True
E243,end,N121,0.0,163.54000854492188,49.70332717895508,54.799957275390625,False,False,False
E244,start,N553,1.543300275390628,161.936694,49.703327,53.256657,True,True,True
E244,end,N84,0.0,161.9366455078125,51.3066520690918,54.799957275390625,False,False,False
E245,start,N553,1.543300275390628,161.936694,49.703327,53.256657,True,True,True
E245,end,N45,0.0,160.3333282470703,49.70332717895508,54.799957275390625,False,False,False
E246,start,N489,1.3808722753906224,166.746668,48.099994,53.419085,True,True,True
E246,end,N197,0.0,166.74664306640625,49.70332717895508,54.799957275390625,False,False,False
E247,start,N551,3.8020142753906256,163.540001,49.703319,50.997943,True,True,True
E247,end,N519,1.8768362753906231,163.540001,48.099994,52.923121,True,True,True
E248,start,N490,1.380965275390622,160.333334,48.099994,53.418992,True,True,True
E248,end,N45,0.0,160.3333282470703,49.70332717895508,54.799957275390625,False,False,False
E249,start,N519,1.8768362753906231,163.540001,48.099994,52.923121,True,True,True
E249,end,N121,0.0,163.54000854492188,49.70332717895508,54.799957275390625,False,False,False
E250,start,N485,8.691059275390622,163.540001,48.099994,46.108898,True,True,True
E250,end,N551,3.8020142753906256,163.540001,49.703319,50.997943,True,True,True
E251,start,N478,3.6710652753906245,161.936643,48.099994,51.128892,True,True,True
E251,end,N553,1.543300275390628,161.936694,49.703327,53.256657,True,True,True
E252,start,N476,3.6710422753906258,165.143334,48.099994,51.128915,True,True,True
E252,end,N552,1.543300275390628,165.143334,49.703327,53.256657,True,True,True
E253,start,N535,1.3527662753906284,166.746642,44.893379,53.447191,True,True,True
E253,end,N476,3.6710422753906258,165.143334,48.099994,51.128915,True,True,True
E254,start,N544,1.4773802753906224,166.746639,49.703307,53.322577,True,True,True
E254,end,N476,3.6710422753906258,165.143334,48.099994,51.128915,True,True,True
E255,start,N549,1.477379275390625,160.333362,49.703307,53.322578,True,True,True
E255,end,N478,3.6710652753906245,161.936643,48.099994,51.128892,True,True,True
E256,start,N539,1.3527512753906237,160.33336,44.893379,53.447206,True,True,True
E256,end,N478,3.6710652753906245,161.936643,48.099994,51.128892,True,True,True
E257,start,N553,1.543300275390628,161.936694,49.703327,53.256657,True,True,True
E257,end,N545,1.0699442753906254,161.134993,50.505013,53.730013,True,True,True
E258,start,N552,1.543300275390628,165.143334,49.703327,53.256657,True,True,True
E258,end,N540,1.069955275390626,165.945008,50.505013,53.730002,True,True,True
E259,start,N500,1.169685275390627,161.936663,44.893577,53.630272,True,True,True
E259,end,N536,0.8992052753906279,161.134987,43.289978,53.900752,True,True,False
E260,start,N499,1.169687275390622,165.143334,44.893577,53.63027,True,True,True
E260,end,N532,0.899221275390623,165.945014,43.289978,53.900736,True,True,False
E261,start,N554,0.5427512753906285,164.341672,40.083348,54.257206,True,True,False
E261,end,N492,0.8866572753906254,163.540001,41.686674,53.9133,True,True,False
E262,start,N555,0.5427512753906285,162.738329,40.083348,54.257206,True,True,False
E262,end,N492,0.8866572753906254,163.540001,41.686674,53.9133,True,True,False
E263,start,N152,0.0,165.14332580566406,38.4801025390625,54.799957275390625,False,False,False
E263,end,N554,0.5427512753906285,164.341672,40.083348,54.257206,True,True,False
E264,start,N76,0.0,161.9366455078125,38.4801025390625,54.799957275390625,False,False,False
E264,end,N555,0.5427512753906285,162.738329,40.083348,54.257206,True,True,False
E265,start,N538,1.199831275390622,161.936686,41.68671,53.600126,True,True,True
E265,end,N555,0.5427512753906285,162.738329,40.083348,54.257206,True,True,False
E266,start,N555,0.5427512753906285,162.738329,40.083348,54.257206,True,True,False
E266,end,N114,0.0,163.54000854492188,38.4801025390625,54.799957275390625,False,False,False
E267,start,N555,0.5427512753906285,162.738329,40.083348,54.257206,True,True,False
E267,end,N78,0.0,161.9366455078125,41.68667221069336,54.799957275390625,False,False,False
E268,start,N534,1.199835275390626,165.143315,41.68671,53.600122,True,True,True
E268,end,N554,0.5427512753906285,164.341672,40.083348,54.257206,True,True,False
E269,start,N554,0.5427512753906285,164.341672,40.083348,54.257206,True,True,False
E269,end,N114,0.0,163.54000854492188,38.4801025390625,54.799957275390625,False,False,False
E270,start,N554,0.5427512753906285,164.341672,40.083348,54.257206,True,True,False
E270,end,N154,0.0,165.14332580566406,41.68667221069336,54.799957275390625,False,False,False
E271,start,N556,3.6710422753906258,165.143334,57.720007,51.128915,True,True,True
E271,end,N557,2.313616275390622,165.945,57.720007,52.486341,True,True,True
E272,start,N558,3.6710652753906245,161.936643,57.720007,51.128892,True,True,True
E272,end,N559,2.3136362753906283,161.135004,57.720007,52.486321,True,True,True
E273,start,N556,3.6710422753906258,165.143334,57.720007,51.128915,True,True,True
E273,end,N560,2.1997302753906283,165.143334,59.323334,52.600227,True,True,True
E274,start,N558,3.6710652753906245,161.936643,57.720007,51.128892,True,True,True
E274,end,N561,2.318607275390626,161.936684,59.323334,52.48135,True,True,True
E275,start,N562,5.6587032753906215,164.34167,57.720007,49.141254,True,True,True
E275,end,N556,3.6710422753906258,165.143334,57.720007,51.128915,True,True,True
E276,start,N556,3.6710422753906258,165.143334,57.720007,51.128915,True,True,True
E276,end,N563,2.860003275390625,164.34167,57.720007,51.939954,True,True,True
E277,start,N562,5.6587032753906215,164.34167,57.720007,49.141254,True,True,True
E277,end,N564,4.658237275390626,163.540001,57.720007,50.14172,True,True,True
E278,start,N565,8.691059275390622,163.540001,57.720007,46.108898,True,True,True
E278,end,N562,5.6587032753906215,164.34167,57.720007,49.141254,True,True,True
E279,start,N566,5.658715275390627,162.738374,57.720007,49.141242,True,True,True
E279,end,N558,3.6710652753906245,161.936643,57.720007,51.128892,True,True,True
E280,start,N558,3.6710652753906245,161.936643,57.720007,51.128892,True,True,True
E280,end,N567,2.8600002753906253,162.738359,57.720007,51.939957,True,True,True
E281,start,N566,5.658715275390627,162.738374,57.720007,49.141242,True,True,True
E281,end,N564,4.658237275390626,163.540001,57.720007,50.14172,True,True,True
E282,start,N565,8.691059275390622,163.540001,57.720007,46.108898,True,True,True
E282,end,N566,5.658715275390627,162.738374,57.720007,49.141242,True,True,True
E283,start,N557,2.313616275390622,165.945,57.720007,52.486341,True,True,True
E283,end,N568,1.7389872753906275,165.143334,57.720007,53.06097,True,True,True
E284,start,N557,2.313616275390622,165.945,57.720007,52.486341,True,True,True
E284,end,N569,1.3808722753906224,166.746668,57.720007,53.419085,True,True,True
E285,start,N559,2.3136362753906283,161.135004,57.720007,52.486321,True,True,True
E285,end,N570,1.380965275390622,160.333334,57.720007,53.418992,True,True,True
E286,start,N559,2.3136362753906283,161.135004,57.720007,52.486321,True,True,True
E286,end,N571,1.739027275390626,161.936681,57.720007,53.06093,True,True,True
E287,start,N572,0.8866572753906254,163.540001,64.133327,53.9133,True,True,False
E287,end,N573,0.27859627539062615,163.540001,65.737132,54.521361,True,True,False
E288,start,N573,0.27859627539062615,163.540001,65.737132,54.521361,True,True,False
E288,end,N130,0.0,163.54000854492188,64.13329315185547,54.799957275390625,False,False,False
E289,start,N573,0.27859627539062615,163.540001,65.737132,54.521361,True,True,False
E289,end,N132,0.0,163.54000854492188,67.33989715576172,54.799957275390625,False,False,False
E290,start,N573,0.27859627539062615,163.540001,65.737132,54.521361,True,True,False
E290,end,N112,0.0,162.7383270263672,65.73712921142578,54.799957275390625,False,False,False
E291,start,N573,0.27859627539062615,163.540001,65.737132,54.521361,True,True,False
E291,end,N150,0.0,164.3416748046875,65.73712921142578,54.799957275390625,False,False,False
E292,start,N574,0.4478722753906226,165.143334,62.530349,54.352085,True,True,False
E292,end,N168,0.0,165.14332580566406,64.13329315185547,54.799957275390625,False,False,False
E293,start,N575,1.7869642753906234,163.540001,62.530349,53.012993,True,True,True
E293,end,N572,0.8866572753906254,163.540001,64.133327,53.9133,True,True,False
E294,start,N572,0.8866572753906254,163.540001,64.133327,53.9133,True,True,False
E294,end,N576,0.47677627539062684,163.540001,62.530349,54.323181,True,True,False
E295,start,N576,0.47677627539062684,163.540001,62.530349,54.323181,True,True,False
E295,end,N130,0.0,163.54000854492188,64.13329315185547,54.799957275390625,False,False,False
E296,start,N572,0.8866572753906254,163.540001,64.133327,53.9133,True,True,False
E296,end,N577,0.4043522753906217,164.34167,64.133327,54.395605,True,True,False
E297,start,N577,0.4043522753906217,164.34167,64.133327,54.395605,True,True,False
E297,end,N130,0.0,163.54000854492188,64.13329315185547,54.799957275390625,False,False,False
E298,start,N577,0.4043522753906217,164.34167,64.133327,54.395605,True,True,False
E298,end,N168,0.0,165.14332580566406,64.13329315185547,54.799957275390625,False,False,False
E299,start,N572,0.8866572753906254,163.540001,64.133327,53.9133,True,True,False
E299,end,N578,0.4043522753906217,162.738331,64.133327,54.395605,True,True,False
E300,start,N578,0.4043522753906217,162.738331,64.133327,54.395605,True,True,False
E300,end,N130,0.0,163.54000854492188,64.13329315185547,54.799957275390625,False,False,False
E301,start,N578,0.4043522753906217,162.738331,64.133327,54.395605,True,True,False
E301,end,N92,0.0,161.9366455078125,64.13329315185547,54.799957275390625,False,False,False
E302,start,N579,1.169687275390622,165.143334,60.926425,53.63027,True,True,True
E302,end,N574,0.4478722753906226,165.143334,62.530349,54.352085,True,True,False
E303,start,N580,1.169685275390627,161.936663,60.926425,53.630272,True,True,True
E303,end,N581,0.4478722753906226,161.93667,62.530349,54.352085,True,True,False
E304,start,N574,0.4478722753906226,165.143334,62.530349,54.352085,True,True,False
E304,end,N166,0.0,165.14332580566406,60.92642593383789,54.799957275390625,False,False,False
E305,start,N575,1.7869642753906234,163.540001,62.530349,53.012993,True,True,True
E305,end,N582,1.4189982753906278,163.540001,60.926425,53.380959,True,True,True
E306,start,N582,1.4189982753906278,163.540001,60.926425,53.380959,True,True,True
E306,end,N576,0.47677627539062684,163.540001,62.530349,54.323181,True,True,False
E307,start,N583,3.059477275390627,163.540001,60.926425,51.74048,True,True,True
E307,end,N575,1.7869642753906234,163.540001,62.530349,53.012993,True,True,True
E308,start,N581,0.4478722753906226,161.93667,62.530349,54.352085,True,True,False
E308,end,N90,0.0,161.9366455078125,60.92642593383789,54.799957275390625,False,False,False
E309,start,N576,0.47677627539062684,163.540001,62.530349,54.323181,True,True,False
E309,end,N128,0.0,163.54000854492188,60.92642593383789,54.799957275390625,False,False,False
E310,start,N574,0.4478722753906226,165.143334,62.530349,54.352085,True,True,False
E310,end,N148,0.0,164.3416748046875,62.53034973144531,54.799957275390625,False,False,False
E311,start,N584,1.125794275390625,164.34167,62.530349,53.674163,True,True,True
E311,end,N574,0.4478722753906226,165.143334,62.530349,54.352085,True,True,False
E312,start,N575,1.7869642753906234,163.540001,62.530349,53.012993,True,True,True
E312,end,N584,1.125794275390625,164.34167,62.530349,53.674163,True,True,True
E313,start,N584,1.125794275390625,164.34167,62.530349,53.674163,True,True,True
E313,end,N576,0.47677627539062684,163.540001,62.530349,54.323181,True,True,False
E314,start,N576,0.47677627539062684,163.540001,62.530349,54.323181,True,True,False
E314,end,N148,0.0,164.3416748046875,62.53034973144531,54.799957275390625,False,False,False
E315,start,N574,0.4478722753906226,165.143334,62.530349,54.352085,True,True,False
E315,end,N186,0.0,165.94500732421875,62.53034973144531,54.799957275390625,False,False,False
E316,start,N575,1.7869642753906234,163.540001,62.530349,53.012993,True,True,True
E316,end,N585,1.125794275390625,162.738336,62.530349,53.674163,True,True,True
E317,start,N585,1.125794275390625,162.738336,62.530349,53.674163,True,True,True
E317,end,N576,0.47677627539062684,163.540001,62.530349,54.323181,True,True,False
E318,start,N581,0.4478722753906226,161.93667,62.530349,54.352085,True,True,False
E318,end,N110,0.0,162.7383270263672,62.53034973144531,54.799957275390625,False,False,False
E319,start,N581,0.4478722753906226,161.93667,62.530349,54.352085,True,True,False
E319,end,N92,0.0,161.9366455078125,64.13329315185547,54.799957275390625,False,False,False
E320,start,N585,1.125794275390625,162.738336,62.530349,53.674163,True,True,True
E320,end,N581,0.4478722753906226,161.93667,62.530349,54.352085,True,True,False
E321,start,N581,0.4478722753906226,161.93667,62.530349,54.352085,True,True,False
E321,end,N72,0.0,161.13499450683594,62.53034973144531,54.799957275390625,False,False,False
E322,start,N576,0.47677627539062684,163.540001,62.530349,54.323181,True,True,False
E322,end,N110,0.0,162.7383270263672,62.53034973144531,54.799957275390625,False,False,False
E323,start,N586,0.5010372753906225,166.746668,59.323334,54.29892,True,True,False
E323,end,N204,0.0,166.74664306640625,60.92642593383789,54.799957275390625,False,False,False
E324,start,N587,0.5010572753906217,160.333345,59.323334,54.2989,True,True,False
E324,end,N52,0.0,160.3333282470703,60.92642593383789,54.799957275390625,False,False,False
E325,start,N579,1.169687275390622,165.143334,60.926425,53.63027,True,True,True
E325,end,N588,0.6227122753906258,165.143334,59.323334,54.177245,True,True,False
E326,start,N580,1.169685275390627,161.936663,60.926425,53.630272,True,True,True
E326,end,N589,0.6227162753906228,161.936675,59.323334,54.177241,True,True,False
E327,start,N588,0.6227122753906258,165.143334,59.323334,54.177245,True,True,False
E327,end,N166,0.0,165.14332580566406,60.92642593383789,54.799957275390625,False,False,False
E328,start,N589,0.6227162753906228,161.936675,59.323334,54.177241,True,True,False
E328,end,N90,0.0,161.9366455078125,60.92642593383789,54.799957275390625,False,False,False
E329,start,N560,2.1997302753906283,165.143334,59.323334,52.600227,True,True,True
E329,end,N579,1.169687275390622,165.143334,60.926425,53.63027,True,True,True
E330,start,N561,2.318607275390626,161.936684,59.323334,52.48135,True,True,True
E330,end,N580,1.169685275390627,161.936663,60.926425,53.630272,True,True,True
E331,start,N582,1.4189982753906278,163.540001,60.926425,53.380959,True,True,True
E331,end,N590,0.7704852753906266,163.540001,59.323334,54.029472,True,True,False
E332,start,N590,0.7704852753906266,163.540001,59.323334,54.029472,True,True,False
E332,end,N128,0.0,163.54000854492188,60.92642593383789,54.799957275390625,False,False,False
E333,start,N591,2.753743275390626,163.540001,59.323334,52.046214,True,True,True
E333,end,N582,1.4189982753906278,163.540001,60.926425,53.380959,True,True,True
E334,start,N592,5.171537275390627,163.540001,59.323334,49.62842,True,True,True
E334,end,N583,3.059477275390627,163.540001,60.926425,51.74048,True,True,True
E335,start,N583,3.059477275390627,163.540001,60.926425,51.74048,True,True,True
E335,end,N591,2.753743275390626,163.540001,59.323334,52.046214,True,True,True
E336,start,N593,2.2270392753906236,164.34167,60.926425,52.572918,True,True,True
E336,end,N579,1.169687275390622,165.143334,60.926425,53.63027,True,True,True
E337,start,N579,1.169687275390622,165.143334,60.926425,53.63027,True,True,True
E337,end,N594,0.6239372753906238,164.34167,60.926425,54.17602,True,True,False
E338,start,N579,1.169687275390622,165.143334,60.926425,53.63027,True,True,True
E338,end,N595,0.570070275390627,165.945,60.926425,54.229887,True,True,False
E339,start,N596,2.227038275390626,162.738339,60.926425,52.572919,True,True,True
E339,end,N580,1.169685275390627,161.936663,60.926425,53.630272,True,True,True
E340,start,N580,1.169685275390627,161.936663,60.926425,53.630272,True,True,True
E340,end,N597,0.6239362753906263,162.738339,60.926425,54.176021,True,True,False
E341,start,N580,1.169685275390627,161.936663,60.926425,53.630272,True,True,True
E341,end,N598,0.5700692753906225,161.135006,60.926425,54.229888,True,True,False
E342,start,N594,0.6239372753906238,164.34167,60.926425,54.17602,True,True,False
E342,end,N166,0.0,165.14332580566406,60.92642593383789,54.799957275390625,False,False,False
E343,start,N593,2.2270392753906236,164.34167,60.926425,52.572918,True,True,True
E343,end,N582,1.4189982753906278,163.540001,60.926425,53.380959,True,True,True
E344,start,N594,0.6239372753906238,164.34167,60.926425,54.17602,True,True,False
E344,end,N128,0.0,163.54000854492188,60.92642593383789,54.799957275390625,False,False,False
E345,start,N582,1.4189982753906278,163.540001,60.926425,53.380959,True,True,True
E345,end,N594,0.6239372753906238,164.34167,60.926425,54.17602,True,True,False
E346,start,N583,3.059477275390627,163.540001,60.926425,51.74048,True,True,True
E346,end,N593,2.2270392753906236,164.34167,60.926425,52.572918,True,True,True
E347,start,N595,0.570070275390627,165.945,60.926425,54.229887,True,True,False
E347,end,N166,0.0,165.14332580566406,60.92642593383789,54.799957275390625,False,False,False
E348,start,N595,0.570070275390627,165.945,60.926425,54.229887,True,True,False
E348,end,N204,0.0,166.74664306640625,60.92642593383789,54.799957275390625,False,False,False
E349,start,N596,2.227038275390626,162.738339,60.926425,52.572919,True,True,True
E349,end,N582,1.4189982753906278,163.540001,60.926425,53.380959,True,True,True
E350,start,N598,0.5700692753906225,161.135006,60.926425,54.229888,True,True,False
E350,end,N90,0.0,161.9366455078125,60.92642593383789,54.799957275390625,False,False,False
E351,start,N597,0.6239362753906263,162.738339,60.926425,54.176021,True,True,False
E351,end,N128,0.0,163.54000854492188,60.92642593383789,54.799957275390625,False,False,False
E352,start,N582,1.4189982753906278,163.540001,60.926425,53.380959,True,True,True
E352,end,N597,0.6239362753906263,162.738339,60.926425,54.176021,True,True,False
E353,start,N598,0.5700692753906225,161.135006,60.926425,54.229888,True,True,False
E353,end,N52,0.0,160.3333282470703,60.92642593383789,54.799957275390625,False,False,False
E354,start,N597,0.6239362753906263,162.738339,60.926425,54.176021,True,True,False
E354,end,N90,0.0,161.9366455078125,60.92642593383789,54.799957275390625,False,False,False
E355,start,N583,3.059477275390627,163.540001,60.926425,51.74048,True,True,True
E355,end,N596,2.227038275390626,162.738339,60.926425,52.572919,True,True,True
E356,start,N586,0.5010372753906225,166.746668,59.323334,54.29892,True,True,False
E356,end,N202,0.0,166.74664306640625,57.720008850097656,54.799957275390625,False,False,False
E357,start,N569,1.3808722753906224,166.746668,57.720007,53.419085,True,True,True
E357,end,N586,0.5010372753906225,166.746668,59.323334,54.29892,True,True,False
E358,start,N570,1.380965275390622,160.333334,57.720007,53.418992,True,True,True
E358,end,N587,0.5010572753906217,160.333345,59.323334,54.2989,True,True,False
E359,start,N587,0.5010572753906217,160.333345,59.323334,54.2989,True,True,False
E359,end,N50,0.0,160.3333282470703,57.720008850097656,54.799957275390625,False,False,False
E360,start,N588,0.6227122753906258,165.143334,59.323334,54.177245,True,True,False
E360,end,N164,0.0,165.14332580566406,57.720008850097656,54.799957275390625,False,False,False
E361,start,N568,1.7389872753906275,165.143334,57.720007,53.06097,True,True,True
E361,end,N588,0.6227122753906258,165.143334,59.323334,54.177245,True,True,False
E362,start,N589,0.6227162753906228,161.936675,59.323334,54.177241,True,True,False
E362,end,N88,0.0,161.9366455078125,57.720008850097656,54.799957275390625,False,False,False
E363,start,N571,1.739027275390626,161.936681,57.720007,53.06093,True,True,True
E363,end,N589,0.6227162753906228,161.936675,59.323334,54.177241,True,True,False
E364,start,N560,2.1997302753906283,165.143334,59.323334,52.600227,True,True,True
E364,end,N568,1.7389872753906275,165.143334,57.720007,53.06097,True,True,True
E365,start,N561,2.318607275390626,161.936684,59.323334,52.48135,True,True,True
E365,end,N571,1.739027275390626,161.936681,57.720007,53.06093,True,True,True
E366,start,N590,0.7704852753906266,163.540001,59.323334,54.029472,True,True,False
E366,end,N126,0.0,163.54000854492188,57.720008850097656,54.799957275390625,False,False,False
E367,start,N599,1.8768362753906231,163.540001,57.720007,52.923121,True,True,True
E367,end,N590,0.7704852753906266,163.540001,59.323334,54.029472,True,True,False
E368,start,N564,4.658237275390626,163.540001,57.720007,50.14172,True,True,True
E368,end,N591,2.753743275390626,163.540001,59.323334,52.046214,True,True,True
E369,start,N592,5.171537275390627,163.540001,59.323334,49.62842,True,True,True
E369,end,N564,4.658237275390626,163.540001,57.720007,50.14172,True,True,True
E370,start,N591,2.753743275390626,163.540001,59.323334,52.046214,True,True,True
E370,end,N599,1.8768362753906231,163.540001,57.720007,52.923121,True,True,True
E371,start,N565,8.691059275390622,163.540001,57.720007,46.108898,True,True,True
E371,end,N592,5.171537275390627,163.540001,59.323334,49.62842,True,True,True
E372,start,N586,0.5010372753906225,166.746668,59.323334,54.29892,True,True,False
E372,end,N184,0.0,165.94500732421875,59.323333740234375,54.799957275390625,False,False,False
E373,start,N600,1.5690162753906236,165.945,59.323334,53.230941,True,True,True
E373,end,N586,0.5010372753906225,166.746668,59.323334,54.29892,True,True,False
E374,start,N586,0.5010372753906225,166.746668,59.323334,54.29892,True,True,False
E374,end,N222,0.0,167.54832458496094,59.323333740234375,54.799957275390625,False,False,False
E375,start,N587,0.5010572753906217,160.333345,59.323334,54.2989,True,True,False
E375,end,N70,0.0,161.13499450683594,59.323333740234375,54.799957275390625,False,False,False
E376,start,N601,1.5690172753906282,161.13501,59.323334,53.23094,True,True,True
E376,end,N587,0.5010572753906217,160.333345,59.323334,54.2989,True,True,False
E377,start,N587,0.5010572753906217,160.333345,59.323334,54.2989,True,True,False
E377,end,N27,0.0,159.53167724609375,59.323333740234375,54.799957275390625,False,False,False
E378,start,N588,0.6227122753906258,165.143334,59.323334,54.177245,True,True,False
E378,end,N146,0.0,164.3416748046875,59.323333740234375,54.799957275390625,False,False,False
E379,start,N602,1.7444662753906215,164.34167,59.323334,53.055491,True,True,True
E379,end,N588,0.6227122753906258,165.143334,59.323334,54.177245,True,True,False
E380,start,N600,1.5690162753906236,165.945,59.323334,53.230941,True,True,True
E380,end,N588,0.6227122753906258,165.143334,59.323334,54.177245,True,True,False
E381,start,N588,0.6227122753906258,165.143334,59.323334,54.177245,True,True,False
E381,end,N184,0.0,165.94500732421875,59.323333740234375,54.799957275390625,False,False,False
E382,start,N601,1.5690172753906282,161.13501,59.323334,53.23094,True,True,True
E382,end,N589,0.6227162753906228,161.936675,59.323334,54.177241,True,True,False
E383,start,N589,0.6227162753906228,161.936675,59.323334,54.177241,True,True,False
E383,end,N108,0.0,162.7383270263672,59.323333740234375,54.799957275390625,False,False,False
E384,start,N603,1.7444662753906215,162.738342,59.323334,53.055491,True,True,True
E384,end,N589,0.6227162753906228,161.936675,59.323334,54.177241,True,True,False
E385,start,N589,0.6227162753906228,161.936675,59.323334,54.177241,True,True,False
E385,end,N70,0.0,161.13499450683594,59.323333740234375,54.799957275390625,False,False,False
E386,start,N604,3.7297112753906276,164.34167,59.323334,51.070246,True,True,True
E386,end,N560,2.1997302753906283,165.143334,59.323334,52.600227,True,True,True
E387,start,N560,2.1997302753906283,165.143334,59.323334,52.600227,True,True,True
E387,end,N602,1.7444662753906215,164.34167,59.323334,53.055491,True,True,True
E388,start,N602,1.7444662753906215,164.34167,59.323334,53.055491,True,True,True
E388,end,N590,0.7704852753906266,163.540001,59.323334,54.029472,True,True,False
E389,start,N590,0.7704852753906266,163.540001,59.323334,54.029472,True,True,False
E389,end,N146,0.0,164.3416748046875,59.323333740234375,54.799957275390625,False,False,False
E390,start,N591,2.753743275390626,163.540001,59.323334,52.046214,True,True,True
E390,end,N602,1.7444662753906215,164.34167,59.323334,53.055491,True,True,True
E391,start,N604,3.7297112753906276,164.34167,59.323334,51.070246,True,True,True
E391,end,N591,2.753743275390626,163.540001,59.323334,52.046214,True,True,True
E392,start,N592,5.171537275390627,163.540001,59.323334,49.62842,True,True,True
E392,end,N604,3.7297112753906276,164.34167,59.323334,51.070246,True,True,True
E393,start,N560,2.1997302753906283,165.143334,59.323334,52.600227,True,True,True
E393,end,N600,1.5690162753906236,165.945,59.323334,53.230941,True,True,True
E394,start,N605,3.7297112753906276,162.738356,59.323334,51.070246,True,True,True
E394,end,N561,2.318607275390626,161.936684,59.323334,52.48135,True,True,True
E395,start,N561,2.318607275390626,161.936684,59.323334,52.48135,True,True,True
E395,end,N603,1.7444662753906215,162.738342,59.323334,53.055491,True,True,True
E396,start,N561,2.318607275390626,161.936684,59.323334,52.48135,True,True,True
E396,end,N601,1.5690172753906282,161.13501,59.323334,53.23094,True,True,True
E397,start,N603,1.7444662753906215,162.738342,59.323334,53.055491,True,True,True
E397,end,N590,0.7704852753906266,163.540001,59.323334,54.029472,True,True,False
E398,start,N590,0.7704852753906266,163.540001,59.323334,54.029472,True,True,False
E398,end,N108,0.0,162.7383270263672,59.323333740234375,54.799957275390625,False,False,False
E399,start,N592,5.171537275390627,163.540001,59.323334,49.62842,True,True,True
E399,end,N605,3.7297112753906276,162.738356,59.323334,51.070246,True,True,True
E400,start,N605,3.7297112753906276,162.738356,59.323334,51.070246,True,True,True
E400,end,N591,2.753743275390626,163.540001,59.323334,52.046214,True,True,True
E401,start,N591,2.753743275390626,163.540001,59.323334,52.046214,True,True,True
E401,end,N603,1.7444662753906215,162.738342,59.323334,53.055491,True,True,True
E402,start,N563,2.860003275390625,164.34167,57.720007,51.939954,True,True,True
E402,end,N568,1.7389872753906275,165.143334,57.720007,53.06097,True,True,True
E403,start,N568,1.7389872753906275,165.143334,57.720007,53.06097,True,True,True
E403,end,N606,0.9054942753906232,164.34167,57.720007,53.894463,True,True,False
E404,start,N606,0.9054942753906232,164.34167,57.720007,53.894463,True,True,False
E404,end,N164,0.0,165.14332580566406,57.720008850097656,54.799957275390625,False,False,False
E405,start,N564,4.658237275390626,163.540001,57.720007,50.14172,True,True,True
E405,end,N563,2.860003275390625,164.34167,57.720007,51.939954,True,True,True
E406,start,N563,2.860003275390625,164.34167,57.720007,51.939954,True,True,True
E406,end,N599,1.8768362753906231,163.540001,57.720007,52.923121,True,True,True
E407,start,N606,0.9054942753906232,164.34167,57.720007,53.894463,True,True,False
E407,end,N126,0.0,163.54000854492188,57.720008850097656,54.799957275390625,False,False,False
E408,start,N599,1.8768362753906231,163.540001,57.720007,52.923121,True,True,True
E408,end,N606,0.9054942753906232,164.34167,57.720007,53.894463,True,True,False
E409,start,N607,0.7937172753906268,165.945,57.720007,54.00624,True,True,False
E409,end,N164,0.0,165.14332580566406,57.720008850097656,54.799957275390625,False,False,False
E410,start,N568,1.7389872753906275,165.143334,57.720007,53.06097,True,True,True
E410,end,N607,0.7937172753906268,165.945,57.720007,54.00624,True,True,False
E411,start,N569,1.3808722753906224,166.746668,57.720007,53.419085,True,True,True
E411,end,N607,0.7937172753906268,165.945,57.720007,54.00624,True,True,False
E412,start,N607,0.7937172753906268,165.945,57.720007,54.00624,True,True,False
E412,end,N202,0.0,166.74664306640625,57.720008850097656,54.799957275390625,False,False,False
E413,start,N608,0.6720002753906229,167.54833,57.720007,54.127957,True,True,False
E413,end,N202,0.0,166.74664306640625,57.720008850097656,54.799957275390625,False,False,False
E414,start,N569,1.3808722753906224,166.746668,57.720007,53.419085,True,True,True
E414,end,N608,0.6720002753906229,167.54833,57.720007,54.127957,True,True,False
E415,start,N564,4.658237275390626,163.540001,57.720007,50.14172,True,True,True
E415,end,N567,2.8600002753906253,162.738359,57.720007,51.939957,True,True,True
E416,start,N567,2.8600002753906253,162.738359,57.720007,51.939957,True,True,True
E416,end,N599,1.8768362753906231,163.540001,57.720007,52.923121,True,True,True
E417,start,N567,2.8600002753906253,162.738359,57.720007,51.939957,True,True,True
E417,end,N571,1.739027275390626,161.936681,57.720007,53.06093,True,True,True
E418,start,N609,0.7937062753906261,161.135017,57.720007,54.006251,True,True,False
E418,end,N50,0.0,160.3333282470703,57.720008850097656,54.799957275390625,False,False,False
E419,start,N571,1.739027275390626,161.936681,57.720007,53.06093,True,True,True
E419,end,N609,0.7937062753906261,161.135017,57.720007,54.006251,True,True,False
E420,start,N570,1.380965275390622,160.333334,57.720007,53.418992,True,True,True
E420,end,N609,0.7937062753906261,161.135017,57.720007,54.006251,True,True,False
E421,start,N571,1.739027275390626,161.936681,57.720007,53.06093,True,True,True
E421,end,N610,0.9054852753906246,162.73834,57.720007,53.894472,True,True,False
E422,start,N611,0.6720502753906246,159.531671,57.720007,54.127907,True,True,False
E422,end,N50,0.0,160.3333282470703,57.720008850097656,54.799957275390625,False,False,False
E423,start,N609,0.7937062753906261,161.135017,57.720007,54.006251,True,True,False
E423,end,N88,0.0,161.9366455078125,57.720008850097656,54.799957275390625,False,False,False
E424,start,N610,0.9054852753906246,162.73834,57.720007,53.894472,True,True,False
E424,end,N126,0.0,163.54000854492188,57.720008850097656,54.799957275390625,False,False,False
E425,start,N570,1.380965275390622,160.333334,57.720007,53.418992,True,True,True
E425,end,N611,0.6720502753906246,159.531671,57.720007,54.127907,True,True,False
E426,start,N599,1.8768362753906231,163.540001,57.720007,52.923121,True,True,True
E426,end,N610,0.9054852753906246,162.73834,57.720007,53.894472,True,True,False
E427,start,N611,0.6720502753906246,159.531671,57.720007,54.127907,True,True,False
E427,end,N26,0.0,158.7300567626953,57.72001266479492,54.799957275390625,False,False,False
E428,start,N610,0.9054852753906246,162.73834,57.720007,53.894472,True,True,False
E428,end,N88,0.0,161.9366455078125,57.720008850097656,54.799957275390625,False,False,False
E429,start,N608,0.6720002753906229,167.54833,57.720007,54.127957,True,True,False
E429,end,N240,0.0,168.34999084472656,57.720008850097656,54.799957275390625,False,False,False
E430,start,N612,0.899221275390623,165.945014,62.530023,53.900736,True,True,False
E430,end,N204,0.0,166.74664306640625,60.92642593383789,54.799957275390625,False,False,False
E431,start,N168,0.0,165.14332580566406,64.13329315185547,54.799957275390625,False,False,False
E431,end,N612,0.899221275390623,165.945014,62.530023,53.900736,True,True,False
E432,start,N613,0.6274682753906262,167.548325,59.323344,54.172489,True,True,False
E432,end,N204,0.0,166.74664306640625,60.92642593383789,54.799957275390625,False,False,False
E433,start,N612,0.899221275390623,165.945014,62.530023,53.900736,True,True,False
E433,end,N614,1.199835275390626,165.143315,64.133292,53.600122,True,True,True
E434,start,N613,0.6274682753906262,167.548325,59.323344,54.172489,True,True,False
E434,end,N240,0.0,168.34999084472656,57.720008850097656,54.799957275390625,False,False,False
E435,start,N615,1.3527662753906284,166.746642,60.926622,53.447191,True,True,True
E435,end,N613,0.6274682753906262,167.548325,59.323344,54.172489,True,True,False
E436,start,N612,0.899221275390623,165.945014,62.530023,53.900736,True,True,False
E436,end,N615,1.3527662753906284,166.746642,60.926622,53.447191,True,True,True
E437,start,N614,1.199835275390626,165.143315,64.133292,53.600122,True,True,True
E437,end,N128,0.0,163.54000854492188,60.92642593383789,54.799957275390625,False,False,False
E438,start,N615,1.3527662753906284,166.746642,60.926622,53.447191,True,True,True
E438,end,N164,0.0,165.14332580566406,57.720008850097656,54.799957275390625,False,False,False
E439,start,N616,0.8992052753906279,161.134987,62.530023,53.900752,True,True,False
E439,end,N52,0.0,160.3333282470703,60.92642593383789,54.799957275390625,False,False,False
E440,start,N92,0.0,161.9366455078125,64.13329315185547,54.799957275390625,False,False,False
E440,end,N616,0.8992052753906279,161.134987,62.530023,53.900752,True,True,False
E441,start,N617,0.6274602753906251,159.531676,59.323344,54.172497,True,True,False
E441,end,N52,0.0,160.3333282470703,60.92642593383789,54.799957275390625,False,False,False
E442,start,N616,0.8992052753906279,161.134987,62.530023,53.900752,True,True,False
E442,end,N618,1.199831275390622,161.936686,64.133292,53.600126,True,True,True
E443,start,N617,0.6274602753906251,159.531676,59.323344,54.172497,True,True,False
E443,end,N26,0.0,158.7300567626953,57.72001266479492,54.799957275390625,False,False,False
E444,start,N619,1.3527512753906237,160.33336,60.926622,53.447206,True,True,True
E444,end,N617,0.6274602753906251,159.531676,59.323344,54.172497,True,True,False
E445,start,N616,0.8992052753906279,161.134987,62.530023,53.900752,True,True,False
E445,end,N619,1.3527512753906237,160.33336,60.926622,53.447206,True,True,True
E446,start,N618,1.199831275390622,161.936686,64.133292,53.600126,True,True,True
E446,end,N128,0.0,163.54000854492188,60.92642593383789,54.799957275390625,False,False,False
E447,start,N619,1.3527512753906237,160.33336,60.926622,53.447206,True,True,True
E447,end,N88,0.0,161.9366455078125,57.720008850097656,54.799957275390625,False,False,False
E448,start,N617,0.6274602753906251,159.531676,59.323344,54.172497,True,True,False
E448,end,N570,1.380965275390622,160.333334,57.720007,53.418992,True,True,True
E449,start,N30,0.0,158.7300567626953,60.926700592041016,54.799957275390625,False,False,False
E449,end,N617,0.6274602753906251,159.531676,59.323344,54.172497,True,True,False
E450,start,N34,0.0,158.7300567626953,64.1333236694336,54.799957275390625,False,False,False
E450,end,N619,1.3527512753906237,160.33336,60.926622,53.447206,True,True,True
E451,start,N618,1.199831275390622,161.936686,64.133292,53.600126,True,True,True
E451,end,N583,3.059477275390627,163.540001,60.926425,51.74048,True,True,True
E452,start,N56,0.0,160.3333282470703,67.33989715576172,54.799957275390625,False,False,False
E452,end,N618,1.199831275390622,161.936686,64.133292,53.600126,True,True,True
E453,start,N616,0.8992052753906279,161.134987,62.530023,53.900752,True,True,False
E453,end,N475,0.0,158.7300567626953,67.33989715576172,54.799957275390625,False,False,False
E454,start,N614,1.199835275390626,165.143315,64.133292,53.600122,True,True,True
E454,end,N583,3.059477275390627,163.540001,60.926425,51.74048,True,True,True
E455,start,N208,0.0,166.74664306640625,67.33989715576172,54.799957275390625,False,False,False
E455,end,N614,1.199835275390626,165.143315,64.133292,53.600122,True,True,True
E456,start,N613,0.6274682753906262,167.548325,59.323344,54.172489,True,True,False
E456,end,N569,1.3808722753906224,166.746668,57.720007,53.419085,True,True,True
E457,start,N242,0.0,168.34999084472656,60.92642593383789,54.799957275390625,False,False,False
E457,end,N613,0.6274682753906262,167.548325,59.323344,54.172489,True,True,False
E458,start,N244,0.0,168.34999084472656,64.13329315185547,54.799957275390625,False,False,False
E458,end,N615,1.3527662753906284,166.746642,60.926622,53.447191,True,True,True
E459,start,N612,0.899221275390623,165.945014,62.530023,53.900736,True,True,False
E459,end,N246,0.0,168.34999084472656,67.33989715576172,54.799957275390625,False,False,False
E460,start,N620,1.069955275390626,165.945008,55.314989,53.730002,True,True,True
E460,end,N201,0.0,166.74664306640625,56.11665344238281,54.799957275390625,False,False,False
E461,start,N162,0.0,165.14332580566406,54.51334762573242,54.799957275390625,False,False,False
E461,end,N620,1.069955275390626,165.945008,55.314989,53.730002,True,True,True
E462,start,N621,0.7397852753906236,164.341675,53.711678,54.060172,True,True,False
E462,end,N162,0.0,165.14332580566406,54.51334762573242,54.799957275390625,False,False,False
E463,start,N622,0.686488275390623,167.548326,56.918327,54.113469,True,True,False
E463,end,N201,0.0,166.74664306640625,56.11665344238281,54.799957275390625,False,False,False
E464,start,N621,0.7397852753906236,164.341675,53.711678,54.060172,True,True,False
E464,end,N123,0.0,163.54000854492188,52.90999984741211,54.799957275390625,False,False,False
E465,start,N623,1.5841942753906224,165.143301,54.513369,53.215763,True,True,True
E465,end,N621,0.7397852753906236,164.341675,53.711678,54.060172,True,True,False
E466,start,N620,1.069955275390626,165.945008,55.314989,53.730002,True,True,True
E466,end,N623,1.5841942753906224,165.143301,54.513369,53.215763,True,True,True
E467,start,N622,0.686488275390623,167.548326,56.918327,54.113469,True,True,False
E467,end,N240,0.0,168.34999084472656,57.720008850097656,54.799957275390625,False,False,False
E468,start,N624,1.4773802753906224,166.746639,56.116695,53.322577,True,True,True
E468,end,N622,0.686488275390623,167.548326,56.918327,54.113469,True,True,False
E469,start,N620,1.069955275390626,165.945008,55.314989,53.730002,True,True,True
E469,end,N624,1.4773802753906224,166.746639,56.116695,53.322577,True,True,True
E470,start,N623,1.5841942753906224,165.143301,54.513369,53.215763,True,True,True
E470,end,N125,0.0,163.54000854492188,56.11665344238281,54.799957275390625,False,False,False
E471,start,N624,1.4773802753906224,166.746639,56.116695,53.322577,True,True,True
E471,end,N164,0.0,165.14332580566406,57.720008850097656,54.799957275390625,False,False,False
E472,start,N625,1.0699442753906254,161.134993,55.314989,53.730013,True,True,True
E472,end,N49,0.0,160.3333282470703,56.11665344238281,54.799957275390625,False,False,False
E473,start,N86,0.0,161.9366455078125,54.51334762573242,54.799957275390625,False,False,False
E473,end,N625,1.0699442753906254,161.134993,55.314989,53.730013,True,True,True
E474,start,N626,0.7397872753906256,162.738326,53.711678,54.06017,True,True,False
E474,end,N86,0.0,161.9366455078125,54.51334762573242,54.799957275390625,False,False,False
E475,start,N627,0.6865442753906237,159.531675,56.918327,54.113413,True,True,False
E475,end,N49,0.0,160.3333282470703,56.11665344238281,54.799957275390625,False,False,False
E476,start,N626,0.7397872753906256,162.738326,53.711678,54.06017,True,True,False
E476,end,N123,0.0,163.54000854492188,52.90999984741211,54.799957275390625,False,False,False
E477,start,N628,1.584197275390622,161.9367,54.513369,53.21576,True,True,True
E477,end,N626,0.7397872753906256,162.738326,53.711678,54.06017,True,True,False
E478,start,N625,1.0699442753906254,161.134993,55.314989,53.730013,True,True,True
E478,end,N628,1.584197275390622,161.9367,54.513369,53.21576,True,True,True
E479,start,N627,0.6865442753906237,159.531675,56.918327,54.113413,True,True,False
E479,end,N26,0.0,158.7300567626953,57.72001266479492,54.799957275390625,False,False,False
E480,start,N629,1.477379275390625,160.333362,56.116695,53.322578,True,True,True
E480,end,N627,0.6865442753906237,159.531675,56.918327,54.113413,True,True,False
E481,start,N625,1.0699442753906254,161.134993,55.314989,53.730013,True,True,True
E481,end,N629,1.477379275390625,160.333362,56.116695,53.322578,True,True,True
E482,start,N628,1.584197275390622,161.9367,54.513369,53.21576,True,True,True
E482,end,N125,0.0,163.54000854492188,56.11665344238281,54.799957275390625,False,False,False
E483,start,N629,1.477379275390625,160.333362,56.116695,53.322578,True,True,True
E483,end,N88,0.0,161.9366455078125,57.720008850097656,54.799957275390625,False,False,False
E484,start,N627,0.6865442753906237,159.531675,56.918327,54.113413,True,True,False
E484,end,N570,1.380965275390622,160.333334,57.720007,53.418992,True,True,True
E485,start,N24,0.0,158.7300567626953,56.11667251586914,54.799957275390625,False,False,False
E485,end,N627,0.6865442753906237,159.531675,56.918327,54.113413,True,True,False
E486,start,N22,0.0,158.7300567626953,54.51334762573242,54.799957275390625,False,False,False
E486,end,N629,1.477379275390625,160.333362,56.116695,53.322578,True,True,True
E487,start,N626,0.7397872753906256,162.738326,53.711678,54.06017,True,True,False
E487,end,N630,1.5216362753906267,163.540001,54.513362,53.278321,True,True,True
E488,start,N85,0.0,161.9366455078125,52.90999984741211,54.799957275390625,False,False,False
E488,end,N626,0.7397872753906256,162.738326,53.711678,54.06017,True,True,False
E489,start,N628,1.584197275390622,161.9367,54.513369,53.21576,True,True,True
E489,end,N631,3.8020142753906256,163.540001,56.116683,50.997943,True,True,True
E490,start,N47,0.0,160.3333282470703,52.90999984741211,54.799957275390625,False,False,False
E490,end,N628,1.584197275390622,161.9367,54.513369,53.21576,True,True,True
E491,start,N625,1.0699442753906254,161.134993,55.314989,53.730013,True,True,True
E491,end,N20,0.0,158.7300567626953,52.90999984741211,54.799957275390625,False,False,False
E492,start,N621,0.7397852753906236,164.341675,53.711678,54.060172,True,True,False
E492,end,N630,1.5216362753906267,163.540001,54.513362,53.278321,True,True,True
E493,start,N161,0.0,165.14332580566406,52.90999984741211,54.799957275390625,False,False,False
E493,end,N621,0.7397852753906236,164.341675,53.711678,54.060172,True,True,False
E494,start,N623,1.5841942753906224,165.143301,54.513369,53.215763,True,True,True
E494,end,N631,3.8020142753906256,163.540001,56.116683,50.997943,True,True,True
E495,start,N199,0.0,166.74664306640625,52.90999984741211,54.799957275390625,False,False,False
E495,end,N623,1.5841942753906224,165.143301,54.513369,53.215763,True,True,True
E496,start,N622,0.686488275390623,167.548326,56.918327,54.113469,True,True,False
E496,end,N569,1.3808722753906224,166.746668,57.720007,53.419085,True,True,True
E497,start,N239,0.0,168.34999084472656,56.11665344238281,54.799957275390625,False,False,False
E497,end,N622,0.686488275390623,167.548326,56.918327,54.113469,True,True,False
E498,start,N238,0.0,168.34999084472656,54.51334762573242,54.799957275390625,False,False,False
E498,end,N624,1.4773802753906224,166.746639,56.116695,53.322577,True,True,True
E499,start,N620,1.069955275390626,165.945008,55.314989,53.730002,True,True,True
E499,end,N237,0.0,168.34999084472656,52.90999984741211,54.799957275390625,False,False,False
E500,start,N632,1.543300275390628,165.143334,56.116674,53.256657,True,True,True
E500,end,N162,0.0,165.14332580566406,54.51334762573242,54.799957275390625,False,False,False
E501,start,N630,1.5216362753906267,163.540001,54.513362,53.278321,True,True,True
E501,end,N125,0.0,163.54000854492188,56.11665344238281,54.799957275390625,False,False,False
E502,start,N631,3.8020142753906256,163.540001,56.116683,50.997943,True,True,True
E502,end,N630,1.5216362753906267,163.540001,54.513362,53.278321,True,True,True
E503,start,N630,1.5216362753906267,163.540001,54.513362,53.278321,True,True,True
E503,end,N162,0.0,165.14332580566406,54.51334762573242,54.799957275390625,False,False,False
E504,start,N630,1.5216362753906267,163.540001,54.513362,53.278321,True,True,True
E504,end,N123,0.0,163.54000854492188,52.90999984741211,54.799957275390625,False,False,False
E505,start,N630,1.5216362753906267,163.540001,54.513362,53.278321,True,True,True
E505,end,N86,0.0,161.9366455078125,54.51334762573242,54.799957275390625,False,False,False
E506,start,N632,1.543300275390628,165.143334,56.116674,53.256657,True,True,True
E506,end,N201,0.0,166.74664306640625,56.11665344238281,54.799957275390625,False,False,False
E507,start,N631,3.8020142753906256,163.540001,56.116683,50.997943,True,True,True
E507,end,N632,1.543300275390628,165.143334,56.116674,53.256657,True,True,True
E508,start,N632,1.543300275390628,165.143334,56.116674,53.256657,True,True,True
E508,end,N164,0.0,165.14332580566406,57.720008850097656,54.799957275390625,False,False,False
E509,start,N632,1.543300275390628,165.143334,56.116674,53.256657,True,True,True
E509,end,N125,0.0,163.54000854492188,56.11665344238281,54.799957275390625,False,False,False
E510,start,N631,3.8020142753906256,163.540001,56.116683,50.997943,True,True,True
E510,end,N633,1.543300275390628,161.936694,56.116674,53.256657,True,True,True
E511,start,N633,1.543300275390628,161.936694,56.116674,53.256657,True,True,True
E511,end,N88,0.0,161.9366455078125,57.720008850097656,54.799957275390625,False,False,False
E512,start,N633,1.543300275390628,161.936694,56.116674,53.256657,True,True,True
E512,end,N125,0.0,163.54000854492188,56.11665344238281,54.799957275390625,False,False,False
E513,start,N633,1.543300275390628,161.936694,56.116674,53.256657,True,True,True
E513,end,N86,0.0,161.9366455078125,54.51334762573242,54.799957275390625,False,False,False
E514,start,N633,1.543300275390628,161.936694,56.116674,53.256657,True,True,True
E514,end,N49,0.0,160.3333282470703,56.11665344238281,54.799957275390625,False,False,False
E515,start,N569,1.3808722753906224,166.746668,57.720007,53.419085,True,True,True
E515,end,N201,0.0,166.74664306640625,56.11665344238281,54.799957275390625,False,False,False
E516,start,N631,3.8020142753906256,163.540001,56.116683,50.997943,True,True,True
E516,end,N599,1.8768362753906231,163.540001,57.720007,52.923121,True,True,True
E517,start,N570,1.380965275390622,160.333334,57.720007,53.418992,True,True,True
E517,end,N49,0.0,160.3333282470703,56.11665344238281,54.799957275390625,False,False,False
E518,start,N599,1.8768362753906231,163.540001,57.720007,52.923121,True,True,True
E518,end,N125,0.0,163.54000854492188,56.11665344238281,54.799957275390625,False,False,False
E519,start,N565,8.691059275390622,163.540001,57.720007,46.108898,True,True,True
E519,end,N631,3.8020142753906256,163.540001,56.116683,50.997943,True,True,True
E520,start,N558,3.6710652753906245,161.936643,57.720007,51.128892,True,True,True
E520,end,N633,1.543300275390628,161.936694,56.116674,53.256657,True,True,True
E521,start,N556,3.6710422753906258,165.143334,57.720007,51.128915,True,True,True
E521,end,N632,1.543300275390628,165.143334,56.116674,53.256657,True,True,True
E522,start,N615,1.3527662753906284,166.746642,60.926622,53.447191,True,True,True
E522,end,N556,3.6710422753906258,165.143334,57.720007,51.128915,True,True,True
E523,start,N624,1.4773802753906224,166.746639,56.116695,53.322577,True,True,True
E523,end,N556,3.6710422753906258,165.143334,57.720007,51.128915,True,True,True
E524,start,N629,1.477379275390625,160.333362,56.116695,53.322578,True,True,True
E524,end,N558,3.6710652753906245,161.936643,57.720007,51.128892,True,True,True
E525,start,N619,1.3527512753906237,160.33336,60.926622,53.447206,True,True,True
E525,end,N558,3.6710652753906245,161.936643,57.720007,51.128892,True,True,True
E526,start,N633,1.543300275390628,161.936694,56.116674,53.256657,True,True,True
E526,end,N625,1.0699442753906254,161.134993,55.314989,53.730013,True,True,True
E527,start,N632,1.543300275390628,165.143334,56.116674,53.256657,True,True,True
E527,end,N620,1.069955275390626,165.945008,55.314989,53.730002,True,True,True
E528,start,N580,1.169685275390627,161.936663,60.926425,53.630272,True,True,True
E528,end,N616,0.8992052753906279,161.134987,62.530023,53.900752,True,True,False
E529,start,N579,1.169687275390622,165.143334,60.926425,53.63027,True,True,True
E529,end,N612,0.899221275390623,165.945014,62.530023,53.900736,True,True,False
E530,start,N634,0.5427512753906285,164.341672,65.736653,54.257206,True,True,False
E530,end,N572,0.8866572753906254,163.540001,64.133327,53.9133,True,True,False
E531,start,N635,0.5427512753906285,162.738329,65.736653,54.257206,True,True,False
E531,end,N572,0.8866572753906254,163.540001,64.133327,53.9133,True,True,False
E532,start,N170,0.0,165.14332580566406,67.33989715576172,54.799957275390625,False,False,False
E532,end,N634,0.5427512753906285,164.341672,65.736653,54.257206,True,True,False
E533,start,N94,0.0,161.9366455078125,67.33989715576172,54.799957275390625,False,False,False
E533,end,N635,0.5427512753906285,162.738329,65.736653,54.257206,True,True,False
E534,start,N618,1.199831275390622,161.936686,64.133292,53.600126,True,True,True
E534,end,N635,0.5427512753906285,162.738329,65.736653,54.257206,True,True,False
E535,start,N635,0.5427512753906285,162.738329,65.736653,54.257206,True,True,False
E535,end,N132,0.0,163.54000854492188,67.33989715576172,54.799957275390625,False,False,False
E536,start,N635,0.5427512753906285,162.738329,65.736653,54.257206,True,True,False
E536,end,N92,0.0,161.9366455078125,64.13329315185547,54.799957275390625,False,False,False
E537,start,N614,1.199835275390626,165.143315,64.133292,53.600122,True,True,True
E537,end,N634,0.5427512753906285,164.341672,65.736653,54.257206,True,True,False
E538,start,N634,0.5427512753906285,164.341672,65.736653,54.257206,True,True,False
E538,end,N132,0.0,163.54000854492188,67.33989715576172,54.799957275390625,False,False,False
E539,start,N634,0.5427512753906285,164.341672,65.736653,54.257206,True,True,False
E539,end,N168,0.0,165.14332580566406,64.13329315185547,54.799957275390625,False,False,False
E540,start,N636,1.9832552753906256,171.556666,48.099994,52.816702,True,True,True
E540,end,N637,1.2499332753906245,170.755,48.099994,53.550024,True,True,True
E541,start,N638,1.9832672753906238,174.763357,48.099994,52.81669,True,True,True
E541,end,N639,1.2499442753906251,175.564996,48.099994,53.550013,True,True,True
E542,start,N636,1.9832552753906256,171.556666,48.099994,52.816702,True,True,True
E542,end,N640,1.1884082753906284,171.556666,46.496667,53.611549,True,True,True
E543,start,N638,1.9832672753906238,174.763357,48.099994,52.81669,True,True,True
E543,end,N641,1.2526292753906247,174.763316,46.496667,53.547328,True,True,True
E544,start,N642,3.057049275390625,172.35833,48.099994,51.742908,True,True,True
E544,end,N636,1.9832552753906256,171.556666,48.099994,52.816702,True,True,True
E545,start,N636,1.9832552753906256,171.556666,48.099994,52.816702,True,True,True
E545,end,N643,1.5451072753906274,172.35833,48.099994,53.25485,True,True,True
E546,start,N642,3.057049275390625,172.35833,48.099994,51.742908,True,True,True
E546,end,N644,2.516567275390628,173.159999,48.099994,52.28339,True,True,True
E547,start,N645,4.695218275390623,173.159999,48.099994,50.104739,True,True,True
E547,end,N642,3.057049275390625,172.35833,48.099994,51.742908,True,True,True
E548,start,N646,3.057055275390624,173.961626,48.099994,51.742902,True,True,True
E548,end,N638,1.9832672753906238,174.763357,48.099994,52.81669,True,True,True
E549,start,N638,1.9832672753906238,174.763357,48.099994,52.81669,True,True,True
E549,end,N647,1.5451062753906228,173.961641,48.099994,53.254851,True,True,True
E550,start,N646,3.057055275390624,173.961626,48.099994,51.742902,True,True,True
E550,end,N644,2.516567275390628,173.159999,48.099994,52.28339,True,True,True
E551,start,N645,4.695218275390623,173.159999,48.099994,50.104739,True,True,True
E551,end,N646,3.057055275390624,173.961626,48.099994,51.742902,True,True,True
E552,start,N637,1.2499332753906245,170.755,48.099994,53.550024,True,True,True
E552,end,N648,0.9395012753906258,171.556666,48.099994,53.860456,True,True,False
E553,start,N637,1.2499332753906245,170.755,48.099994,53.550024,True,True,True
E553,end,N649,0.746037275390627,169.953332,48.099994,54.05392,True,True,False
E554,start,N639,1.2499442753906251,175.564996,48.099994,53.550013,True,True,True
E554,end,N650,0.7460872753906216,176.366666,48.099994,54.05387,True,True,False
E555,start,N639,1.2499442753906251,175.564996,48.099994,53.550013,True,True,True
E555,end,N651,0.9395232753906271,174.763318,48.099994,53.860434,True,True,False
E556,start,N652,0.4790472753906272,173.159999,41.686674,54.32091,True,True,False
E556,end,N653,0.1505542753906255,173.159999,40.08287,54.649403,True,True,False
E557,start,N653,0.1505542753906255,173.159999,40.08287,54.649403,True,True,False
E557,end,N344,0.0,173.16000366210938,41.68667221069336,54.799957275390625,False,False,False
E558,start,N653,0.1505542753906255,173.159999,40.08287,54.649403,True,True,False
E558,end,N342,0.0,173.16000366210938,38.4801025390625,54.799957275390625,False,False,False
E559,start,N653,0.1505542753906255,173.159999,40.08287,54.649403,True,True,False
E559,end,N362,0.0,173.961669921875,40.08287048339844,54.799957275390625,False,False,False
E560,start,N653,0.1505542753906255,173.159999,40.08287,54.649403,True,True,False
E560,end,N324,0.0,172.35833740234375,40.08287048339844,54.799957275390625,False,False,False
E561,start,N654,0.24200227539062524,171.556666,43.289653,54.557955,True,True,False
E561,end,N306,0.0,171.556640625,41.68667221069336,54.799957275390625,False,False,False
E562,start,N655,0.9654202753906276,173.159999,43.289653,53.834537,True,True,False
E562,end,N652,0.4790472753906272,173.159999,41.686674,54.32091,True,True,False
E563,start,N652,0.4790472753906272,173.159999,41.686674,54.32091,True,True,False
E563,end,N656,0.25761727539062207,173.159999,43.289653,54.54234,True,True,False
E564,start,N656,0.25761727539062207,173.159999,43.289653,54.54234,True,True,False
E564,end,N344,0.0,173.16000366210938,41.68667221069336,54.799957275390625,False,False,False
E565,start,N652,0.4790472753906272,173.159999,41.686674,54.32091,True,True,False
E565,end,N657,0.21849127539062607,172.35833,41.686674,54.581466,True,True,False
E566,start,N657,0.21849127539062607,172.35833,41.686674,54.581466,True,True,False
E566,end,N344,0.0,173.16000366210938,41.68667221069336,54.799957275390625,False,False,False
E567,start,N657,0.21849127539062607,172.35833,41.686674,54.581466,True,True,False
E567,end,N306,0.0,171.556640625,41.68667221069336,54.799957275390625,False,False,False
E568,start,N652,0.4790472753906272,173.159999,41.686674,54.32091,True,True,False
E568,end,N658,0.21849127539062607,173.961669,41.686674,54.581466,True,True,False
E569,start,N658,0.21849127539062607,173.961669,41.686674,54.581466,True,True,False
E569,end,N344,0.0,173.16000366210938,41.68667221069336,54.799957275390625,False,False,False
E570,start,N658,0.21849127539062607,173.961669,41.686674,54.581466,True,True,False
E570,end,N382,0.0,174.76332092285156,41.68667221069336,54.799957275390625,False,False,False
E571,start,N659,0.6319482753906271,171.556666,44.893577,54.168009,True,True,False
E571,end,N654,0.24200227539062524,171.556666,43.289653,54.557955,True,True,False
E572,start,N660,0.6319472753906226,174.763337,44.893577,54.16801,True,True,False
E572,end,N661,0.24200227539062524,174.76333,43.289653,54.557955,True,True,False
E573,start,N654,0.24200227539062524,171.556666,43.289653,54.557955,True,True,False
E573,end,N308,0.0,171.556640625,44.8932991027832,54.799957275390625,False,False,False
E574,start,N655,0.9654202753906276,173.159999,43.289653,53.834537,True,True,False
E574,end,N662,0.7666332753906246,173.159999,44.893577,54.033324,True,True,False
E575,start,N662,0.7666332753906246,173.159999,44.893577,54.033324,True,True,False
E575,end,N656,0.25761727539062207,173.159999,43.289653,54.54234,True,True,False
E576,start,N663,1.6528692753906284,173.159999,44.893577,53.147088,True,True,True
E576,end,N655,0.9654202753906276,173.159999,43.289653,53.834537,True,True,False
E577,start,N661,0.24200227539062524,174.76333,43.289653,54.557955,True,True,False
E577,end,N384,0.0,174.76332092285156,44.8932991027832,54.799957275390625,False,False,False
E578,start,N656,0.25761727539062207,173.159999,43.289653,54.54234,True,True,False
E578,end,N346,0.0,173.16000366210938,44.8932991027832,54.799957275390625,False,False,False
E579,start,N654,0.24200227539062524,171.556666,43.289653,54.557955,True,True,False
E579,end,N326,0.0,172.35833740234375,43.28965377807617,54.799957275390625,False,False,False
E580,start,N664,0.6082362753906239,172.35833,43.289653,54.191721,True,True,False
E580,end,N654,0.24200227539062524,171.556666,43.289653,54.557955,True,True,False
E581,start,N655,0.9654202753906276,173.159999,43.289653,53.834537,True,True,False
E581,end,N664,0.6082362753906239,172.35833,43.289653,54.191721,True,True,False
E582,start,N664,0.6082362753906239,172.35833,43.289653,54.191721,True,True,False
E582,end,N656,0.25761727539062207,173.159999,43.289653,54.54234,True,True,False
E583,start,N656,0.25761727539062207,173.159999,43.289653,54.54234,True,True,False
E583,end,N326,0.0,172.35833740234375,43.28965377807617,54.799957275390625,False,False,False
E584,start,N654,0.24200227539062524,171.556666,43.289653,54.557955,True,True,False
E584,end,N288,0.0,170.7550048828125,43.28965377807617,54.799957275390625,False,False,False
E585,start,N655,0.9654202753906276,173.159999,43.289653,53.834537,True,True,False
E585,end,N665,0.6082362753906239,173.961664,43.289653,54.191721,True,True,False
E586,start,N665,0.6082362753906239,173.961664,43.289653,54.191721,True,True,False
E586,end,N656,0.25761727539062207,173.159999,43.289653,54.54234,True,True,False
E587,start,N661,0.24200227539062524,174.76333,43.289653,54.557955,True,True,False
E587,end,N364,0.0,173.961669921875,43.28965377807617,54.799957275390625,False,False,False
E588,start,N661,0.24200227539062524,174.76333,43.289653,54.557955,True,True,False
E588,end,N382,0.0,174.76332092285156,41.68667221069336,54.799957275390625,False,False,False
E589,start,N665,0.6082362753906239,173.961664,43.289653,54.191721,True,True,False
E589,end,N661,0.24200227539062524,174.76333,43.289653,54.557955,True,True,False
E590,start,N661,0.24200227539062524,174.76333,43.289653,54.557955,True,True,False
E590,end,N402,0.0,175.5649871826172,43.28965377807617,54.799957275390625,False,False,False
E591,start,N656,0.25761727539062207,173.159999,43.289653,54.54234,True,True,False
E591,end,N364,0.0,173.961669921875,43.28965377807617,54.799957275390625,False,False,False
E592,start,N666,0.27072427539062716,169.953332,46.496667,54.529233,True,True,False
E592,end,N270,0.0,169.95333862304688,44.8932991027832,54.799957275390625,False,False,False
E593,start,N667,0.2707342753906232,176.366655,46.496667,54.529223,True,True,False
E593,end,N422,0.0,176.36663818359375,44.8932991027832,54.799957275390625,False,False,False
E594,start,N659,0.6319482753906271,171.556666,44.893577,54.168009,True,True,False
E594,end,N668,0.33645627539062417,171.556666,46.496667,54.463501,True,True,False
E595,start,N660,0.6319472753906226,174.763337,44.893577,54.16801,True,True,False
E595,end,N669,0.3364582753906262,174.763325,46.496667,54.463499,True,True,False
E596,start,N668,0.33645627539062417,171.556666,46.496667,54.463501,True,True,False
E596,end,N308,0.0,171.556640625,44.8932991027832,54.799957275390625,False,False,False
E597,start,N669,0.3364582753906262,174.763325,46.496667,54.463499,True,True,False
E597,end,N384,0.0,174.76332092285156,44.8932991027832,54.799957275390625,False,False,False
E598,start,N640,1.1884082753906284,171.556666,46.496667,53.611549,True,True,True
E598,end,N659,0.6319482753906271,171.556666,44.893577,54.168009,True,True,False
E599,start,N641,1.2526292753906247,174.763316,46.496667,53.547328,True,True,True
E599,end,N660,0.6319472753906226,174.763337,44.893577,54.16801,True,True,False
E600,start,N662,0.7666332753906246,173.159999,44.893577,54.033324,True,True,False
E600,end,N670,0.4162872753906228,173.159999,46.496667,54.38367,True,True,False
E601,start,N670,0.4162872753906228,173.159999,46.496667,54.38367,True,True,False
E601,end,N346,0.0,173.16000366210938,44.8932991027832,54.799957275390625,False,False,False
E602,start,N671,1.487703275390622,173.159999,46.496667,53.312254,True,True,True
E602,end,N662,0.7666332753906246,173.159999,44.893577,54.033324,True,True,False
E603,start,N672,2.7938672753906246,173.159999,46.496667,52.00609,True,True,True
E603,end,N663,1.6528692753906284,173.159999,44.893577,53.147088,True,True,True
E604,start,N663,1.6528692753906284,173.159999,44.893577,53.147088,True,True,True
E604,end,N671,1.487703275390622,173.159999,46.496667,53.312254,True,True,True
E605,start,N673,1.2031612753906273,172.35833,44.893577,53.596796,True,True,True
E605,end,N659,0.6319482753906271,171.556666,44.893577,54.168009,True,True,False
E606,start,N659,0.6319482753906271,171.556666,44.893577,54.168009,True,True,False
E606,end,N674,0.33711827539062256,172.35833,44.893577,54.462839,True,True,False
E607,start,N659,0.6319482753906271,171.556666,44.893577,54.168009,True,True,False
E607,end,N675,0.3080172753906254,170.755,44.893577,54.49194,True,True,False
E608,start,N676,1.2031612753906273,173.961661,44.893577,53.596796,True,True,True
E608,end,N660,0.6319472753906226,174.763337,44.893577,54.16801,True,True,False
E609,start,N660,0.6319472753906226,174.763337,44.893577,54.16801,True,True,False
E609,end,N677,0.3371172753906251,173.961661,44.893577,54.46284,True,True,False
E610,start,N660,0.6319472753906226,174.763337,44.893577,54.16801,True,True,False
E610,end,N678,0.3080172753906254,175.564994,44.893577,54.49194,True,True,False
E611,start,N674,0.33711827539062256,172.35833,44.893577,54.462839,True,True,False
E611,end,N308,0.0,171.556640625,44.8932991027832,54.799957275390625,False,False,False
E612,start,N673,1.2031612753906273,172.35833,44.893577,53.596796,True,True,True
E612,end,N662,0.7666332753906246,173.159999,44.893577,54.033324,True,True,False
E613,start,N674,0.33711827539062256,172.35833,44.893577,54.462839,True,True,False
E613,end,N346,0.0,173.16000366210938,44.8932991027832,54.799957275390625,False,False,False
E614,start,N662,0.7666332753906246,173.159999,44.893577,54.033324,True,True,False
E614,end,N674,0.33711827539062256,172.35833,44.893577,54.462839,True,True,False
E615,start,N663,1.6528692753906284,173.159999,44.893577,53.147088,True,True,True
E615,end,N673,1.2031612753906273,172.35833,44.893577,53.596796,True,True,True
E616,start,N675,0.3080172753906254,170.755,44.893577,54.49194,True,True,False
E616,end,N308,0.0,171.556640625,44.8932991027832,54.799957275390625,False,False,False
E617,start,N675,0.3080172753906254,170.755,44.893577,54.49194,True,True,False
E617,end,N270,0.0,169.95333862304688,44.8932991027832,54.799957275390625,False,False,False
E618,start,N676,1.2031612753906273,173.961661,44.893577,53.596796,True,True,True
E618,end,N662,0.7666332753906246,173.159999,44.893577,54.033324,True,True,False
E619,start,N678,0.3080172753906254,175.564994,44.893577,54.49194,True,True,False
E619,end,N384,0.0,174.76332092285156,44.8932991027832,54.799957275390625,False,False,False
E620,start,N677,0.3371172753906251,173.961661,44.893577,54.46284,True,True,False
E620,end,N346,0.0,173.16000366210938,44.8932991027832,54.799957275390625,False,False,False
E621,start,N662,0.7666332753906246,173.159999,44.893577,54.033324,True,True,False
E621,end,N677,0.3371172753906251,173.961661,44.893577,54.46284,True,True,False
E622,start,N678,0.3080172753906254,175.564994,44.893577,54.49194,True,True,False
E622,end,N422,0.0,176.36663818359375,44.8932991027832,54.799957275390625,False,False,False
E623,start,N677,0.3371172753906251,173.961661,44.893577,54.46284,True,True,False
E623,end,N384,0.0,174.76332092285156,44.8932991027832,54.799957275390625,False,False,False
E624,start,N663,1.6528692753906284,173.159999,44.893577,53.147088,True,True,True
E624,end,N676,1.2031612753906273,173.961661,44.893577,53.596796,True,True,True
E625,start,N666,0.27072427539062716,169.953332,46.496667,54.529233,True,True,False
E625,end,N272,0.0,169.95333862304688,48.09999084472656,54.799957275390625,False,False,False
E626,start,N649,0.746037275390627,169.953332,48.099994,54.05392,True,True,False
E626,end,N666,0.27072427539062716,169.953332,46.496667,54.529233,True,True,False
E627,start,N650,0.7460872753906216,176.366666,48.099994,54.05387,True,True,False
E627,end,N667,0.2707342753906232,176.366655,46.496667,54.529223,True,True,False
E628,start,N667,0.2707342753906232,176.366655,46.496667,54.529223,True,True,False
E628,end,N424,0.0,176.36663818359375,48.09999084472656,54.799957275390625,False,False,False
E629,start,N668,0.33645627539062417,171.556666,46.496667,54.463501,True,True,False
E629,end,N310,0.0,171.556640625,48.09999084472656,54.799957275390625,False,False,False
E630,start,N648,0.9395012753906258,171.556666,48.099994,53.860456,True,True,False
E630,end,N668,0.33645627539062417,171.556666,46.496667,54.463501,True,True,False
E631,start,N669,0.3364582753906262,174.763325,46.496667,54.463499,True,True,False
E631,end,N386,0.0,174.76332092285156,48.09999084472656,54.799957275390625,False,False,False
E632,start,N651,0.9395232753906271,174.763318,48.099994,53.860434,True,True,False
E632,end,N669,0.3364582753906262,174.763325,46.496667,54.463499,True,True,False
E633,start,N640,1.1884082753906284,171.556666,46.496667,53.611549,True,True,True
E633,end,N648,0.9395012753906258,171.556666,48.099994,53.860456,True,True,False
E634,start,N641,1.2526292753906247,174.763316,46.496667,53.547328,True,True,True
E634,end,N651,0.9395232753906271,174.763318,48.099994,53.860434,True,True,False
E635,start,N670,0.4162872753906228,173.159999,46.496667,54.38367,True,True,False
E635,end,N348,0.0,173.16000366210938,48.09999084472656,54.799957275390625,False,False,False
E636,start,N679,1.0139712753906238,173.159999,48.099994,53.785986,True,True,True
E636,end,N670,0.4162872753906228,173.159999,46.496667,54.38367,True,True,False
E637,start,N644,2.516567275390628,173.159999,48.099994,52.28339,True,True,True
E637,end,N671,1.487703275390622,173.159999,46.496667,53.312254,True,True,True
E638,start,N672,2.7938672753906246,173.159999,46.496667,52.00609,True,True,True
E638,end,N644,2.516567275390628,173.159999,48.099994,52.28339,True,True,True
E639,start,N671,1.487703275390622,173.159999,46.496667,53.312254,True,True,True
E639,end,N679,1.0139712753906238,173.159999,48.099994,53.785986,True,True,True
E640,start,N645,4.695218275390623,173.159999,48.099994,50.104739,True,True,True
E640,end,N672,2.7938672753906246,173.159999,46.496667,52.00609,True,True,True
E641,start,N666,0.27072427539062716,169.953332,46.496667,54.529233,True,True,False
E641,end,N290,0.0,170.7550048828125,46.496665954589844,54.799957275390625,False,False,False
E642,start,N680,0.8476782753906278,170.755,46.496667,53.952279,True,True,False
E642,end,N666,0.27072427539062716,169.953332,46.496667,54.529233,True,True,False
E643,start,N666,0.27072427539062716,169.953332,46.496667,54.529233,True,True,False
E643,end,N252,0.0,169.15167236328125,46.496665954589844,54.799957275390625,False,False,False
E644,start,N667,0.2707342753906232,176.366655,46.496667,54.529223,True,True,False
E644,end,N404,0.0,175.5649871826172,46.496665954589844,54.799957275390625,False,False,False
E645,start,N681,0.8476782753906278,175.56499,46.496667,53.952279,True,True,False
E645,end,N667,0.2707342753906232,176.366655,46.496667,54.529223,True,True,False
E646,start,N667,0.2707342753906232,176.366655,46.496667,54.529223,True,True,False
E646,end,N442,0.0,177.1683349609375,46.496665954589844,54.799957275390625,False,False,False
E647,start,N668,0.33645627539062417,171.556666,46.496667,54.463501,True,True,False
E647,end,N328,0.0,172.35833740234375,46.496665954589844,54.799957275390625,False,False,False
E648,start,N682,0.9424612753906274,172.35833,46.496667,53.857496,True,True,False
E648,end,N668,0.33645627539062417,171.556666,46.496667,54.463501,True,True,False
E649,start,N680,0.8476782753906278,170.755,46.496667,53.952279,True,True,False
E649,end,N668,0.33645627539062417,171.556666,46.496667,54.463501,True,True,False
E650,start,N668,0.33645627539062417,171.556666,46.496667,54.463501,True,True,False
E650,end,N290,0.0,170.7550048828125,46.496665954589844,54.799957275390625,False,False,False
E651,start,N681,0.8476782753906278,175.56499,46.496667,53.952279,True,True,False
E651,end,N669,0.3364582753906262,174.763325,46.496667,54.463499,True,True,False
E652,start,N669,0.3364582753906262,174.763325,46.496667,54.463499,True,True,False
E652,end,N366,0.0,173.961669921875,46.496665954589844,54.799957275390625,False,False,False
E653,start,N683,0.9424612753906274,173.961658,46.496667,53.857496,True,True,False
E653,end,N669,0.3364582753906262,174.763325,46.496667,54.463499,True,True,False
E654,start,N669,0.3364582753906262,174.763325,46.496667,54.463499,True,True,False
E654,end,N404,0.0,175.5649871826172,46.496665954589844,54.799957275390625,False,False,False
E655,start,N684,2.0149502753906248,172.35833,46.496667,52.785007,True,True,True
E655,end,N640,1.1884082753906284,171.556666,46.496667,53.611549,True,True,True
E656,start,N640,1.1884082753906284,171.556666,46.496667,53.611549,True,True,True
E656,end,N682,0.9424612753906274,172.35833,46.496667,53.857496,True,True,False
E657,start,N682,0.9424612753906274,172.35833,46.496667,53.857496,True,True,False
E657,end,N670,0.4162872753906228,173.159999,46.496667,54.38367,True,True,False
E658,start,N670,0.4162872753906228,173.159999,46.496667,54.38367,True,True,False
E658,end,N328,0.0,172.35833740234375,46.496665954589844,54.799957275390625,False,False,False
E659,start,N671,1.487703275390622,173.159999,46.496667,53.312254,True,True,True
E659,end,N682,0.9424612753906274,172.35833,46.496667,53.857496,True,True,False
E660,start,N684,2.0149502753906248,172.35833,46.496667,52.785007,True,True,True
E660,end,N671,1.487703275390622,173.159999,46.496667,53.312254,True,True,True
E661,start,N672,2.7938672753906246,173.159999,46.496667,52.00609,True,True,True
E661,end,N684,2.0149502753906248,172.35833,46.496667,52.785007,True,True,True
E662,start,N640,1.1884082753906284,171.556666,46.496667,53.611549,True,True,True
E662,end,N680,0.8476782753906278,170.755,46.496667,53.952279,True,True,False
E663,start,N685,2.0149502753906248,173.961644,46.496667,52.785007,True,True,True
E663,end,N641,1.2526292753906247,174.763316,46.496667,53.547328,True,True,True
E664,start,N641,1.2526292753906247,174.763316,46.496667,53.547328,True,True,True
E664,end,N683,0.9424612753906274,173.961658,46.496667,53.857496,True,True,False
E665,start,N641,1.2526292753906247,174.763316,46.496667,53.547328,True,True,True
E665,end,N681,0.8476782753906278,175.56499,46.496667,53.952279,True,True,False
E666,start,N683,0.9424612753906274,173.961658,46.496667,53.857496,True,True,False
E666,end,N670,0.4162872753906228,173.159999,46.496667,54.38367,True,True,False
E667,start,N670,0.4162872753906228,173.159999,46.496667,54.38367,True,True,False
E667,end,N366,0.0,173.961669921875,46.496665954589844,54.799957275390625,False,False,False
E668,start,N672,2.7938672753906246,173.159999,46.496667,52.00609,True,True,True
E668,end,N685,2.0149502753906248,173.961644,46.496667,52.785007,True,True,True
E669,start,N685,2.0149502753906248,173.961644,46.496667,52.785007,True,True,True
E669,end,N671,1.487703275390622,173.159999,46.496667,53.312254,True,True,True
E670,start,N671,1.487703275390622,173.159999,46.496667,53.312254,True,True,True
E670,end,N683,0.9424612753906274,173.961658,46.496667,53.857496,True,True,False
E671,start,N643,1.5451072753906274,172.35833,48.099994,53.25485,True,True,True
E671,end,N648,0.9395012753906258,171.556666,48.099994,53.860456,True,True,False
E672,start,N648,0.9395012753906258,171.556666,48.099994,53.860456,True,True,False
E672,end,N686,0.4892232753906285,172.35833,48.099994,54.310734,True,True,False
E673,start,N686,0.4892232753906285,172.35833,48.099994,54.310734,True,True,False
E673,end,N310,0.0,171.556640625,48.09999084472656,54.799957275390625,False,False,False
E674,start,N644,2.516567275390628,173.159999,48.099994,52.28339,True,True,True
E674,end,N643,1.5451072753906274,172.35833,48.099994,53.25485,True,True,True
E675,start,N643,1.5451072753906274,172.35833,48.099994,53.25485,True,True,True
E675,end,N679,1.0139712753906238,173.159999,48.099994,53.785986,True,True,True
E676,start,N686,0.4892232753906285,172.35833,48.099994,54.310734,True,True,False
E676,end,N348,0.0,173.16000366210938,48.09999084472656,54.799957275390625,False,False,False
E677,start,N679,1.0139712753906238,173.159999,48.099994,53.785986,True,True,True
E677,end,N686,0.4892232753906285,172.35833,48.099994,54.310734,True,True,False
E678,start,N687,0.4288382753906248,170.755,48.099994,54.371119,True,True,False
E678,end,N310,0.0,171.556640625,48.09999084472656,54.799957275390625,False,False,False
E679,start,N648,0.9395012753906258,171.556666,48.099994,53.860456,True,True,False
E679,end,N687,0.4288382753906248,170.755,48.099994,54.371119,True,True,False
E680,start,N649,0.746037275390627,169.953332,48.099994,54.05392,True,True,False
E680,end,N687,0.4288382753906248,170.755,48.099994,54.371119,True,True,False
E681,start,N687,0.4288382753906248,170.755,48.099994,54.371119,True,True,False
E681,end,N272,0.0,169.95333862304688,48.09999084472656,54.799957275390625,False,False,False
E682,start,N688,0.3630832753906219,169.151669,48.099994,54.436874,True,True,False
E682,end,N272,0.0,169.95333862304688,48.09999084472656,54.799957275390625,False,False,False
E683,start,N649,0.746037275390627,169.953332,48.099994,54.05392,True,True,False
E683,end,N688,0.3630832753906219,169.151669,48.099994,54.436874,True,True,False
E684,start,N644,2.516567275390628,173.159999,48.099994,52.28339,True,True,True
E684,end,N647,1.5451062753906228,173.961641,48.099994,53.254851,True,True,True
E685,start,N647,1.5451062753906228,173.961641,48.099994,53.254851,True,True,True
E685,end,N679,1.0139712753906238,173.159999,48.099994,53.785986,True,True,True
E686,start,N647,1.5451062753906228,173.961641,48.099994,53.254851,True,True,True
E686,end,N651,0.9395232753906271,174.763318,48.099994,53.860434,True,True,False
E687,start,N689,0.42883227539062574,175.564983,48.099994,54.371125,True,True,False
E687,end,N424,0.0,176.36663818359375,48.09999084472656,54.799957275390625,False,False,False
E688,start,N651,0.9395232753906271,174.763318,48.099994,53.860434,True,True,False
E688,end,N689,0.42883227539062574,175.564983,48.099994,54.371125,True,True,False
E689,start,N650,0.7460872753906216,176.366666,48.099994,54.05387,True,True,False
E689,end,N689,0.42883227539062574,175.564983,48.099994,54.371125,True,True,False
E690,start,N651,0.9395232753906271,174.763318,48.099994,53.860434,True,True,False
E690,end,N690,0.4892192753906244,173.96166,48.099994,54.310738,True,True,False
E691,start,N691,0.3631102753906248,177.168329,48.099994,54.436847,True,True,False
E691,end,N424,0.0,176.36663818359375,48.09999084472656,54.799957275390625,False,False,False
E692,start,N689,0.42883227539062574,175.564983,48.099994,54.371125,True,True,False
E692,end,N386,0.0,174.76332092285156,48.09999084472656,54.799957275390625,False,False,False
E693,start,N690,0.4892192753906244,173.96166,48.099994,54.310738,True,True,False
E693,end,N348,0.0,173.16000366210938,48.09999084472656,54.799957275390625,False,False,False
E694,start,N650,0.7460872753906216,176.366666,48.099994,54.05387,True,True,False
E694,end,N691,0.3631102753906248,177.168329,48.099994,54.436847,True,True,False
E695,start,N679,1.0139712753906238,173.159999,48.099994,53.785986,True,True,True
E695,end,N690,0.4892192753906244,173.96166,48.099994,54.310738,True,True,False
E696,start,N691,0.3631102753906248,177.168329,48.099994,54.436847,True,True,False
E696,end,N462,0.0,177.96994018554688,48.09999084472656,54.799957275390625,False,False,False
E697,start,N690,0.4892192753906244,173.96166,48.099994,54.310738,True,True,False
E697,end,N386,0.0,174.76332092285156,48.09999084472656,54.799957275390625,False,False,False
E698,start,N688,0.3630832753906219,169.151669,48.099994,54.436874,True,True,False
E698,end,N234,0.0,168.34999084472656,48.09999084472656,54.799957275390625,False,False,False
E699,start,N692,0.48583427539062285,170.754985,43.289978,54.314123,True,True,False
E699,end,N270,0.0,169.95333862304688,44.8932991027832,54.799957275390625,False,False,False
E700,start,N306,0.0,171.556640625,41.68667221069336,54.799957275390625,False,False,False
E700,end,N692,0.48583427539062285,170.754985,43.289978,54.314123,True,True,False
E701,start,N693,0.3390252753906253,169.151674,46.496657,54.460932,True,True,False
E701,end,N270,0.0,169.95333862304688,44.8932991027832,54.799957275390625,False,False,False
E702,start,N692,0.48583427539062285,170.754985,43.289978,54.314123,True,True,False
E702,end,N694,0.6482352753906255,171.556684,41.68671,54.151722,True,True,False
E703,start,N693,0.3390252753906253,169.151674,46.496657,54.460932,True,True,False
E703,end,N234,0.0,168.34999084472656,48.09999084472656,54.799957275390625,False,False,False
E704,start,N695,0.7308532753906221,169.953358,44.893379,54.069104,True,True,False
E704,end,N693,0.3390252753906253,169.151674,46.496657,54.460932,True,True,False
E705,start,N692,0.48583427539062285,170.754985,43.289978,54.314123,True,True,False
E705,end,N695,0.7308532753906221,169.953358,44.893379,54.069104,True,True,False
E706,start,N694,0.6482352753906255,171.556684,41.68671,54.151722,True,True,False
E706,end,N346,0.0,173.16000366210938,44.8932991027832,54.799957275390625,False,False,False
E707,start,N695,0.7308532753906221,169.953358,44.893379,54.069104,True,True,False
E707,end,N310,0.0,171.556640625,48.09999084472656,54.799957275390625,False,False,False
E708,start,N696,0.48582627539062173,175.565013,43.289978,54.314131,True,True,False
E708,end,N422,0.0,176.36663818359375,44.8932991027832,54.799957275390625,False,False,False
E709,start,N382,0.0,174.76332092285156,41.68667221069336,54.799957275390625,False,False,False
E709,end,N696,0.48582627539062173,175.565013,43.289978,54.314131,True,True,False
E710,start,N697,0.3390212753906283,177.168324,46.496657,54.460936,True,True,False
E710,end,N422,0.0,176.36663818359375,44.8932991027832,54.799957275390625,False,False,False
E711,start,N696,0.48582627539062173,175.565013,43.289978,54.314131,True,True,False
E711,end,N698,0.6482332753906235,174.763314,41.68671,54.151724,True,True,False
E712,start,N697,0.3390212753906283,177.168324,46.496657,54.460936,True,True,False
E712,end,N462,0.0,177.96994018554688,48.09999084472656,54.799957275390625,False,False,False
E713,start,N699,0.730845275390628,176.36664,44.893379,54.069112,True,True,False
E713,end,N697,0.3390212753906283,177.168324,46.496657,54.460936,True,True,False
E714,start,N696,0.48582627539062173,175.565013,43.289978,54.314131,True,True,False
E714,end,N699,0.730845275390628,176.36664,44.893379,54.069112,True,True,False
E715,start,N698,0.6482332753906235,174.763314,41.68671,54.151724,True,True,False
E715,end,N346,0.0,173.16000366210938,44.8932991027832,54.799957275390625,False,False,False
E716,start,N699,0.730845275390628,176.36664,44.893379,54.069112,True,True,False
E716,end,N386,0.0,174.76332092285156,48.09999084472656,54.799957275390625,False,False,False
E717,start,N697,0.3390212753906283,177.168324,46.496657,54.460936,True,True,False
E717,end,N650,0.7460872753906216,176.366666,48.099994,54.05387,True,True,False
E718,start,N460,0.0,177.96994018554688,44.8932991027832,54.799957275390625,False,False,False
E718,end,N697,0.3390212753906283,177.168324,46.496657,54.460936,True,True,False
E719,start,N458,0.0,177.96994018554688,41.68667221069336,54.799957275390625,False,False,False
E719,end,N699,0.730845275390628,176.36664,44.893379,54.069112,True,True,False
E720,start,N698,0.6482332753906235,174.763314,41.68671,54.151724,True,True,False
E720,end,N663,1.6528692753906284,173.159999,44.893577,53.147088,True,True,True
E721,start,N418,0.0,176.36663818359375,38.4801025390625,54.799957275390625,False,False,False
E721,end,N698,0.6482332753906235,174.763314,41.68671,54.151724,True,True,False
E722,start,N696,0.48582627539062173,175.565013,43.289978,54.314131,True,True,False
E722,end,N456,0.0,177.96994018554688,38.4801025390625,54.799957275390625,False,False,False
E723,start,N694,0.6482352753906255,171.556684,41.68671,54.151722,True,True,False
E723,end,N663,1.6528692753906284,173.159999,44.893577,53.147088,True,True,True
E724,start,N266,0.0,169.95333862304688,38.4801025390625,54.799957275390625,False,False,False
E724,end,N694,0.6482352753906255,171.556684,41.68671,54.151722,True,True,False
E725,start,N693,0.3390252753906253,169.151674,46.496657,54.460932,True,True,False
E725,end,N649,0.746037275390627,169.953332,48.099994,54.05392,True,True,False
E726,start,N232,0.0,168.34999084472656,44.8932991027832,54.799957275390625,False,False,False
E726,end,N693,0.3390252753906253,169.151674,46.496657,54.460932,True,True,False
E727,start,N230,0.0,168.34999084472656,41.68667221069336,54.799957275390625,False,False,False
E727,end,N695,0.7308532753906221,169.953358,44.893379,54.069104,True,True,False
E728,start,N692,0.48583427539062285,170.754985,43.289978,54.314123,True,True,False
E728,end,N228,0.0,168.34999084472656,38.4801025390625,54.799957275390625,False,False,False
E729,start,N700,0.5780702753906226,170.754992,50.505013,54.221887,True,True,False
E729,end,N273,0.0,169.95333862304688,49.70332717895508,54.799957275390625,False,False,False
E730,start,N312,0.0,171.556640625,51.3066520690918,54.799957275390625,False,False,False
E730,end,N700,0.5780702753906226,170.754992,50.505013,54.221887,True,True,False
E731,start,N701,0.39970227539062364,172.358324,52.108324,54.400255,True,True,False
E731,end,N312,0.0,171.556640625,51.3066520690918,54.799957275390625,False,False,False
E732,start,N702,0.37091027539062793,169.151674,48.901675,54.429047,True,True,False
E732,end,N273,0.0,169.95333862304688,49.70332717895508,54.799957275390625,False,False,False
E733,start,N701,0.39970227539062364,172.358324,52.108324,54.400255,True,True,False
E733,end,N351,0.0,173.16000366210938,52.90999984741211,54.799957275390625,False,False,False
E734,start,N703,0.8558772753906254,171.556699,51.306632,53.94408,True,True,False
E734,end,N701,0.39970227539062364,172.358324,52.108324,54.400255,True,True,False
E735,start,N700,0.5780702753906226,170.754992,50.505013,54.221887,True,True,False
E735,end,N703,0.8558772753906254,171.556699,51.306632,53.94408,True,True,False
E736,start,N702,0.37091027539062793,169.151674,48.901675,54.429047,True,True,False
E736,end,N234,0.0,168.34999084472656,48.09999084472656,54.799957275390625,False,False,False
E737,start,N704,0.7981732753906243,169.95336,49.703307,54.001784,True,True,False
E737,end,N702,0.37091027539062793,169.151674,48.901675,54.429047,True,True,False
E738,start,N700,0.5780702753906226,170.754992,50.505013,54.221887,True,True,False
E738,end,N704,0.7981732753906243,169.95336,49.703307,54.001784,True,True,False
E739,start,N703,0.8558772753906254,171.556699,51.306632,53.94408,True,True,False
E739,end,N349,0.0,173.16000366210938,49.70332717895508,54.799957275390625,False,False,False
E740,start,N704,0.7981732753906243,169.95336,49.703307,54.001784,True,True,False
E740,end,N310,0.0,171.556640625,48.09999084472656,54.799957275390625,False,False,False
E741,start,N705,0.5780642753906235,175.565006,50.505013,54.221893,True,True,False
E741,end,N425,0.0,176.36663818359375,49.70332717895508,54.799957275390625,False,False,False
E742,start,N388,0.0,174.76332092285156,51.3066520690918,54.799957275390625,False,False,False
E742,end,N705,0.5780642753906235,175.565006,50.505013,54.221893,True,True,False
E743,start,N706,0.3997032753906282,173.961674,52.108324,54.400254,True,True,False
E743,end,N388,0.0,174.76332092285156,51.3066520690918,54.799957275390625,False,False,False
E744,start,N707,0.37094027539062324,177.168324,48.901675,54.429017,True,True,False
E744,end,N425,0.0,176.36663818359375,49.70332717895508,54.799957275390625,False,False,False
E745,start,N706,0.3997032753906282,173.961674,52.108324,54.400254,True,True,False
E745,end,N351,0.0,173.16000366210938,52.90999984741211,54.799957275390625,False,False,False
E746,start,N708,0.8558792753906275,174.7633,51.306632,53.944078,True,True,False
E746,end,N706,0.3997032753906282,173.961674,52.108324,54.400254,True,True,False
E747,start,N705,0.5780642753906235,175.565006,50.505013,54.221893,True,True,False
E747,end,N708,0.8558792753906275,174.7633,51.306632,53.944078,True,True,False
E748,start,N707,0.37094027539062324,177.168324,48.901675,54.429017,True,True,False
E748,end,N462,0.0,177.96994018554688,48.09999084472656,54.799957275390625,False,False,False
E749,start,N709,0.7981732753906243,176.366638,49.703307,54.001784,True,True,False
E749,end,N707,0.37094027539062324,177.168324,48.901675,54.429017,True,True,False
E750,start,N705,0.5780642753906235,175.565006,50.505013,54.221893,True,True,False
E750,end,N709,0.7981732753906243,176.366638,49.703307,54.001784,True,True,False
E751,start,N708,0.8558792753906275,174.7633,51.306632,53.944078,True,True,False
E751,end,N349,0.0,173.16000366210938,49.70332717895508,54.799957275390625,False,False,False
E752,start,N709,0.7981732753906243,176.366638,49.703307,54.001784,True,True,False
E752,end,N386,0.0,174.76332092285156,48.09999084472656,54.799957275390625,False,False,False
E753,start,N707,0.37094027539062324,177.168324,48.901675,54.429017,True,True,False
E753,end,N650,0.7460872753906216,176.366666,48.099994,54.05387,True,True,False
E754,start,N463,0.0,177.96994018554688,49.70332717895508,54.799957275390625,False,False,False
E754,end,N707,0.37094027539062324,177.168324,48.901675,54.429017,True,True,False
E755,start,N464,0.0,177.96994018554688,51.3066520690918,54.799957275390625,False,False,False
E755,end,N709,0.7981732753906243,176.366638,49.703307,54.001784,True,True,False
E756,start,N706,0.3997032753906282,173.961674,52.108324,54.400254,True,True,False
E756,end,N710,0.8220822753906276,173.159999,51.306639,53.977875,True,True,False
E757,start,N389,0.0,174.76332092285156,52.90999984741211,54.799957275390625,False,False,False
E757,end,N706,0.3997032753906282,173.961674,52.108324,54.400254,True,True,False
E758,start,N708,0.8558792753906275,174.7633,51.306632,53.944078,True,True,False
E758,end,N711,2.054010275390624,173.159999,49.703319,52.745947,True,True,True
E759,start,N427,0.0,176.36663818359375,52.90999984741211,54.799957275390625,False,False,False
E759,end,N708,0.8558792753906275,174.7633,51.306632,53.944078,True,True,False
E760,start,N705,0.5780642753906235,175.565006,50.505013,54.221893,True,True,False
E760,end,N465,0.0,177.96994018554688,52.90999984741211,54.799957275390625,False,False,False
E761,start,N701,0.39970227539062364,172.358324,52.108324,54.400255,True,True,False
E761,end,N710,0.8220822753906276,173.159999,51.306639,53.977875,True,True,False
E762,start,N313,0.0,171.556640625,52.90999984741211,54.799957275390625,False,False,False
E762,end,N701,0.39970227539062364,172.358324,52.108324,54.400255,True,True,False
E763,start,N703,0.8558772753906254,171.556699,51.306632,53.94408,True,True,False
E763,end,N711,2.054010275390624,173.159999,49.703319,52.745947,True,True,True
E764,start,N275,0.0,169.95333862304688,52.90999984741211,54.799957275390625,False,False,False
E764,end,N703,0.8558772753906254,171.556699,51.306632,53.94408,True,True,False
E765,start,N702,0.37091027539062793,169.151674,48.901675,54.429047,True,True,False
E765,end,N649,0.746037275390627,169.953332,48.099994,54.05392,True,True,False
E766,start,N235,0.0,168.34999084472656,49.70332717895508,54.799957275390625,False,False,False
E766,end,N702,0.37091027539062793,169.151674,48.901675,54.429047,True,True,False
E767,start,N236,0.0,168.34999084472656,51.3066520690918,54.799957275390625,False,False,False
E767,end,N704,0.7981732753906243,169.95336,49.703307,54.001784,True,True,False
E768,start,N700,0.5780702753906226,170.754992,50.505013,54.221887,True,True,False
E768,end,N237,0.0,168.34999084472656,52.90999984741211,54.799957275390625,False,False,False
E769,start,N712,0.8337852753906247,171.556666,49.703327,53.966172,True,True,False
E769,end,N312,0.0,171.556640625,51.3066520690918,54.799957275390625,False,False,False
E770,start,N710,0.8220822753906276,173.159999,51.306639,53.977875,True,True,False
E770,end,N349,0.0,173.16000366210938,49.70332717895508,54.799957275390625,False,False,False
E771,start,N711,2.054010275390624,173.159999,49.703319,52.745947,True,True,True
E771,end,N710,0.8220822753906276,173.159999,51.306639,53.977875,True,True,False
E772,start,N710,0.8220822753906276,173.159999,51.306639,53.977875,True,True,False
E772,end,N312,0.0,171.556640625,51.3066520690918,54.799957275390625,False,False,False
E773,start,N710,0.8220822753906276,173.159999,51.306639,53.977875,True,True,False
E773,end,N351,0.0,173.16000366210938,52.90999984741211,54.799957275390625,False,False,False
E774,start,N710,0.8220822753906276,173.159999,51.306639,53.977875,True,True,False
E774,end,N388,0.0,174.76332092285156,51.3066520690918,54.799957275390625,False,False,False
E775,start,N712,0.8337852753906247,171.556666,49.703327,53.966172,True,True,False
E775,end,N273,0.0,169.95333862304688,49.70332717895508,54.799957275390625,False,False,False
E776,start,N711,2.054010275390624,173.159999,49.703319,52.745947,True,True,True
E776,end,N712,0.8337852753906247,171.556666,49.703327,53.966172,True,True,False
E777,start,N712,0.8337852753906247,171.556666,49.703327,53.966172,True,True,False
E777,end,N310,0.0,171.556640625,48.09999084472656,54.799957275390625,False,False,False
E778,start,N712,0.8337852753906247,171.556666,49.703327,53.966172,True,True,False
E778,end,N349,0.0,173.16000366210938,49.70332717895508,54.799957275390625,False,False,False
E779,start,N711,2.054010275390624,173.159999,49.703319,52.745947,True,True,True
E779,end,N713,0.8337852753906247,174.763306,49.703327,53.966172,True,True,False
E780,start,N713,0.8337852753906247,174.763306,49.703327,53.966172,True,True,False
E780,end,N386,0.0,174.76332092285156,48.09999084472656,54.799957275390625,False,False,False
E781,start,N713,0.8337852753906247,174.763306,49.703327,53.966172,True,True,False
E781,end,N349,0.0,173.16000366210938,49.70332717895508,54.799957275390625,False,False,False
E782,start,N713,0.8337852753906247,174.763306,49.703327,53.966172,True,True,False
E782,end,N388,0.0,174.76332092285156,51.3066520690918,54.799957275390625,False,False,False
E783,start,N713,0.8337852753906247,174.763306,49.703327,53.966172,True,True,False
E783,end,N425,0.0,176.36663818359375,49.70332717895508,54.799957275390625,False,False,False
E784,start,N649,0.746037275390627,169.953332,48.099994,54.05392,True,True,False
E784,end,N273,0.0,169.95333862304688,49.70332717895508,54.799957275390625,False,False,False
E785,start,N711,2.054010275390624,173.159999,49.703319,52.745947,True,True,True
E785,end,N679,1.0139712753906238,173.159999,48.099994,53.785986,True,True,True
E786,start,N650,0.7460872753906216,176.366666,48.099994,54.05387,True,True,False
E786,end,N425,0.0,176.36663818359375,49.70332717895508,54.799957275390625,False,False,False
E787,start,N679,1.0139712753906238,173.159999,48.099994,53.785986,True,True,True
E787,end,N349,0.0,173.16000366210938,49.70332717895508,54.799957275390625,False,False,False
E788,start,N645,4.695218275390623,173.159999,48.099994,50.104739,True,True,True
E788,end,N711,2.054010275390624,173.159999,49.703319,52.745947,True,True,True
E789,start,N638,1.9832672753906238,174.763357,48.099994,52.81669,True,True,True
E789,end,N713,0.8337852753906247,174.763306,49.703327,53.966172,True,True,False
E790,start,N636,1.9832552753906256,171.556666,48.099994,52.816702,True,True,True
E790,end,N712,0.8337852753906247,171.556666,49.703327,53.966172,True,True,False
E791,start,N695,0.7308532753906221,169.953358,44.893379,54.069104,True,True,False
E791,end,N636,1.9832552753906256,171.556666,48.099994,52.816702,True,True,True
E792,start,N704,0.7981732753906243,169.95336,49.703307,54.001784,True,True,False
E792,end,N636,1.9832552753906256,171.556666,48.099994,52.816702,True,True,True
E793,start,N709,0.7981732753906243,176.366638,49.703307,54.001784,True,True,False
E793,end,N638,1.9832672753906238,174.763357,48.099994,52.81669,True,True,True
E794,start,N699,0.730845275390628,176.36664,44.893379,54.069112,True,True,False
E794,end,N638,1.9832672753906238,174.763357,48.099994,52.81669,True,True,True
E795,start,N713,0.8337852753906247,174.763306,49.703327,53.966172,True,True,False
E795,end,N705,0.5780642753906235,175.565006,50.505013,54.221893,True,True,False
E796,start,N712,0.8337852753906247,171.556666,49.703327,53.966172,True,True,False
E796,end,N700,0.5780702753906226,170.754992,50.505013,54.221887,True,True,False
E797,start,N660,0.6319472753906226,174.763337,44.893577,54.16801,True,True,False
E797,end,N696,0.48582627539062173,175.565013,43.289978,54.314131,True,True,False
E798,start,N659,0.6319482753906271,171.556666,44.893577,54.168009,True,True,False
E798,end,N692,0.48583427539062285,170.754985,43.289978,54.314123,True,True,False
E799,start,N714,0.2932592753906249,172.358327,40.083348,54.506698,True,True,False
E799,end,N652,0.4790472753906272,173.159999,41.686674,54.32091,True,True,False
E800,start,N715,0.2932592753906249,173.961671,40.083348,54.506698,True,True,False
E800,end,N652,0.4790472753906272,173.159999,41.686674,54.32091,True,True,False
E801,start,N304,0.0,171.556640625,38.4801025390625,54.799957275390625,False,False,False
E801,end,N714,0.2932592753906249,172.358327,40.083348,54.506698,True,True,False
E802,start,N380,0.0,174.76332092285156,38.4801025390625,54.799957275390625,False,False,False
E802,end,N715,0.2932592753906249,173.961671,40.083348,54.506698,True,True,False
E803,start,N698,0.6482332753906235,174.763314,41.68671,54.151724,True,True,False
E803,end,N715,0.2932592753906249,173.961671,40.083348,54.506698,True,True,False
E804,start,N715,0.2932592753906249,173.961671,40.083348,54.506698,True,True,False
E804,end,N342,0.0,173.16000366210938,38.4801025390625,54.799957275390625,False,False,False
E805,start,N715,0.2932592753906249,173.961671,40.083348,54.506698,True,True,False
E805,end,N382,0.0,174.76332092285156,41.68667221069336,54.799957275390625,False,False,False
E806,start,N694,0.6482352753906255,171.556684,41.68671,54.151722,True,True,False
E806,end,N714,0.2932592753906249,172.358327,40.083348,54.506698,True,True,False
E807,start,N714,0.2932592753906249,172.358327,40.083348,54.506698,True,True,False
E807,end,N342,0.0,173.16000366210938,38.4801025390625,54.799957275390625,False,False,False
E808,start,N714,0.2932592753906249,172.358327,40.083348,54.506698,True,True,False
E808,end,N306,0.0,171.556640625,41.68667221069336,54.799957275390625,False,False,False
E809,start,N716,1.9832552753906256,171.556666,57.720007,52.816702,True,True,True
E809,end,N717,1.2499332753906245,170.755,57.720007,53.550024,True,True,True
E810,start,N718,1.9832672753906238,174.763357,57.720007,52.81669,True,True,True
E810,end,N719,1.2499442753906251,175.564996,57.720007,53.550013,True,True,True
E811,start,N716,1.9832552753906256,171.556666,57.720007,52.816702,True,True,True
E811,end,N720,1.1884082753906284,171.556666,59.323334,53.611549,True,True,True
E812,start,N718,1.9832672753906238,174.763357,57.720007,52.81669,True,True,True
E812,end,N721,1.2526292753906247,174.763316,59.323334,53.547328,True,True,True
E813,start,N722,3.057049275390625,172.35833,57.720007,51.742908,True,True,True
E813,end,N716,1.9832552753906256,171.556666,57.720007,52.816702,True,True,True
E814,start,N716,1.9832552753906256,171.556666,57.720007,52.816702,True,True,True
E814,end,N723,1.5451072753906274,172.35833,57.720007,53.25485,True,True,True
E815,start,N722,3.057049275390625,172.35833,57.720007,51.742908,True,True,True
E815,end,N724,2.516567275390628,173.159999,57.720007,52.28339,True,True,True
E816,start,N725,4.695218275390623,173.159999,57.720007,50.104739,True,True,True
E816,end,N722,3.057049275390625,172.35833,57.720007,51.742908,True,True,True
E817,start,N726,3.057055275390624,173.961626,57.720007,51.742902,True,True,True
E817,end,N718,1.9832672753906238,174.763357,57.720007,52.81669,True,True,True
E818,start,N718,1.9832672753906238,174.763357,57.720007,52.81669,True,True,True
E818,end,N727,1.5451062753906228,173.961641,57.720007,53.254851,True,True,True
E819,start,N726,3.057055275390624,173.961626,57.720007,51.742902,True,True,True
E819,end,N724,2.516567275390628,173.159999,57.720007,52.28339,True,True,True
E820,start,N725,4.695218275390623,173.159999,57.720007,50.104739,True,True,True
E820,end,N726,3.057055275390624,173.961626,57.720007,51.742902,True,True,True
E821,start,N717,1.2499332753906245,170.755,57.720007,53.550024,True,True,True
E821,end,N728,0.9395012753906258,171.556666,57.720007,53.860456,True,True,False
E822,start,N717,1.2499332753906245,170.755,57.720007,53.550024,True,True,True
E822,end,N729,0.746037275390627,169.953332,57.720007,54.05392,True,True,False
E823,start,N719,1.2499442753906251,175.564996,57.720007,53.550013,True,True,True
E823,end,N730,0.7460872753906216,176.366666,57.720007,54.05387,True,True,False
E824,start,N719,1.2499442753906251,175.564996,57.720007,53.550013,True,True,True
E824,end,N731,0.9395232753906271,174.763318,57.720007,53.860434,True,True,False
E825,start,N732,0.4790472753906272,173.159999,64.133327,54.32091,True,True,False
E825,end,N733,0.1505542753906255,173.159999,65.737132,54.649403,True,True,False
E826,start,N733,0.1505542753906255,173.159999,65.737132,54.649403,True,True,False
E826,end,N358,0.0,173.16000366210938,64.13329315185547,54.799957275390625,False,False,False
E827,start,N733,0.1505542753906255,173.159999,65.737132,54.649403,True,True,False
E827,end,N360,0.0,173.16000366210938,67.33989715576172,54.799957275390625,False,False,False
E828,start,N733,0.1505542753906255,173.159999,65.737132,54.649403,True,True,False
E828,end,N378,0.0,173.961669921875,65.73712921142578,54.799957275390625,False,False,False
E829,start,N733,0.1505542753906255,173.159999,65.737132,54.649403,True,True,False
E829,end,N340,0.0,172.35833740234375,65.73712921142578,54.799957275390625,False,False,False
E830,start,N734,0.24200227539062524,171.556666,62.530349,54.557955,True,True,False
E830,end,N320,0.0,171.556640625,64.13329315185547,54.799957275390625,False,False,False
E831,start,N735,0.9654202753906276,173.159999,62.530349,53.834537,True,True,False
E831,end,N732,0.4790472753906272,173.159999,64.133327,54.32091,True,True,False
E832,start,N732,0.4790472753906272,173.159999,64.133327,54.32091,True,True,False
E832,end,N736,0.25761727539062207,173.159999,62.530349,54.54234,True,True,False
E833,start,N736,0.25761727539062207,173.159999,62.530349,54.54234,True,True,False
E833,end,N358,0.0,173.16000366210938,64.13329315185547,54.799957275390625,False,False,False
E834,start,N732,0.4790472753906272,173.159999,64.133327,54.32091,True,True,False
E834,end,N737,0.21849127539062607,172.35833,64.133327,54.581466,True,True,False
E835,start,N737,0.21849127539062607,172.35833,64.133327,54.581466,True,True,False
E835,end,N358,0.0,173.16000366210938,64.13329315185547,54.799957275390625,False,False,False
E836,start,N737,0.21849127539062607,172.35833,64.133327,54.581466,True,True,False
E836,end,N320,0.0,171.556640625,64.13329315185547,54.799957275390625,False,False,False
E837,start,N732,0.4790472753906272,173.159999,64.133327,54.32091,True,True,False
E837,end,N738,0.21849127539062607,173.961669,64.133327,54.581466,True,True,False
E838,start,N738,0.21849127539062607,173.961669,64.133327,54.581466,True,True,False
E838,end,N358,0.0,173.16000366210938,64.13329315185547,54.799957275390625,False,False,False
E839,start,N738,0.21849127539062607,173.961669,64.133327,54.581466,True,True,False
E839,end,N396,0.0,174.76332092285156,64.13329315185547,54.799957275390625,False,False,False
E840,start,N739,0.6319482753906271,171.556666,60.926425,54.168009,True,True,False
E840,end,N734,0.24200227539062524,171.556666,62.530349,54.557955,True,True,False
E841,start,N740,0.6319472753906226,174.763337,60.926425,54.16801,True,True,False
E841,end,N741,0.24200227539062524,174.76333,62.530349,54.557955,True,True,False
E842,start,N734,0.24200227539062524,171.556666,62.530349,54.557955,True,True,False
E842,end,N318,0.0,171.556640625,60.92642593383789,54.799957275390625,False,False,False
E843,start,N735,0.9654202753906276,173.159999,62.530349,53.834537,True,True,False
E843,end,N742,0.7666332753906246,173.159999,60.926425,54.033324,True,True,False
E844,start,N742,0.7666332753906246,173.159999,60.926425,54.033324,True,True,False
E844,end,N736,0.25761727539062207,173.159999,62.530349,54.54234,True,True,False
E845,start,N743,1.6528692753906284,173.159999,60.926425,53.147088,True,True,True
E845,end,N735,0.9654202753906276,173.159999,62.530349,53.834537,True,True,False
E846,start,N741,0.24200227539062524,174.76333,62.530349,54.557955,True,True,False
E846,end,N394,0.0,174.76332092285156,60.92642593383789,54.799957275390625,False,False,False
E847,start,N736,0.25761727539062207,173.159999,62.530349,54.54234,True,True,False
E847,end,N356,0.0,173.16000366210938,60.92642593383789,54.799957275390625,False,False,False
E848,start,N734,0.24200227539062524,171.556666,62.530349,54.557955,True,True,False
E848,end,N338,0.0,172.35833740234375,62.53034973144531,54.799957275390625,False,False,False
E849,start,N744,0.6082362753906239,172.35833,62.530349,54.191721,True,True,False
E849,end,N734,0.24200227539062524,171.556666,62.530349,54.557955,True,True,False
E850,start,N735,0.9654202753906276,173.159999,62.530349,53.834537,True,True,False
E850,end,N744,0.6082362753906239,172.35833,62.530349,54.191721,True,True,False
E851,start,N744,0.6082362753906239,172.35833,62.530349,54.191721,True,True,False
E851,end,N736,0.25761727539062207,173.159999,62.530349,54.54234,True,True,False
E852,start,N736,0.25761727539062207,173.159999,62.530349,54.54234,True,True,False
E852,end,N338,0.0,172.35833740234375,62.53034973144531,54.799957275390625,False,False,False
E853,start,N734,0.24200227539062524,171.556666,62.530349,54.557955,True,True,False
E853,end,N300,0.0,170.7550048828125,62.53034973144531,54.799957275390625,False,False,False
E854,start,N735,0.9654202753906276,173.159999,62.530349,53.834537,True,True,False
E854,end,N745,0.6082362753906239,173.961664,62.530349,54.191721,True,True,False
E855,start,N745,0.6082362753906239,173.961664,62.530349,54.191721,True,True,False
E855,end,N736,0.25761727539062207,173.159999,62.530349,54.54234,True,True,False
E856,start,N741,0.24200227539062524,174.76333,62.530349,54.557955,True,True,False
E856,end,N376,0.0,173.961669921875,62.53034973144531,54.799957275390625,False,False,False
E857,start,N741,0.24200227539062524,174.76333,62.530349,54.557955,True,True,False
E857,end,N396,0.0,174.76332092285156,64.13329315185547,54.799957275390625,False,False,False
E858,start,N745,0.6082362753906239,173.961664,62.530349,54.191721,True,True,False
E858,end,N741,0.24200227539062524,174.76333,62.530349,54.557955,True,True,False
E859,start,N741,0.24200227539062524,174.76333,62.530349,54.557955,True,True,False
E859,end,N414,0.0,175.5649871826172,62.53034973144531,54.799957275390625,False,False,False
E860,start,N736,0.25761727539062207,173.159999,62.530349,54.54234,True,True,False
E860,end,N376,0.0,173.961669921875,62.53034973144531,54.799957275390625,False,False,False
E861,start,N746,0.27072427539062716,169.953332,59.323334,54.529233,True,True,False
E861,end,N280,0.0,169.95333862304688,60.92642593383789,54.799957275390625,False,False,False
E862,start,N747,0.2707342753906232,176.366655,59.323334,54.529223,True,True,False
E862,end,N432,0.0,176.36663818359375,60.92642593383789,54.799957275390625,False,False,False
E863,start,N739,0.6319482753906271,171.556666,60.926425,54.168009,True,True,False
E863,end,N748,0.33645627539062417,171.556666,59.323334,54.463501,True,True,False
E864,start,N740,0.6319472753906226,174.763337,60.926425,54.16801,True,True,False
E864,end,N749,0.3364582753906262,174.763325,59.323334,54.463499,True,True,False
E865,start,N748,0.33645627539062417,171.556666,59.323334,54.463501,True,True,False
E865,end,N318,0.0,171.556640625,60.92642593383789,54.799957275390625,False,False,False
E866,start,N749,0.3364582753906262,174.763325,59.323334,54.463499,True,True,False
E866,end,N394,0.0,174.76332092285156,60.92642593383789,54.799957275390625,False,False,False
E867,start,N720,1.1884082753906284,171.556666,59.323334,53.611549,True,True,True
E867,end,N739,0.6319482753906271,171.556666,60.926425,54.168009,True,True,False
E868,start,N721,1.2526292753906247,174.763316,59.323334,53.547328,True,True,True
E868,end,N740,0.6319472753906226,174.763337,60.926425,54.16801,True,True,False
E869,start,N742,0.7666332753906246,173.159999,60.926425,54.033324,True,True,False
E869,end,N750,0.4162872753906228,173.159999,59.323334,54.38367,True,True,False
E870,start,N750,0.4162872753906228,173.159999,59.323334,54.38367,True,True,False
E870,end,N356,0.0,173.16000366210938,60.92642593383789,54.799957275390625,False,False,False
E871,start,N751,1.487703275390622,173.159999,59.323334,53.312254,True,True,True
E871,end,N742,0.7666332753906246,173.159999,60.926425,54.033324,True,True,False
E872,start,N752,2.7938672753906246,173.159999,59.323334,52.00609,True,True,True
E872,end,N743,1.6528692753906284,173.159999,60.926425,53.147088,True,True,True
E873,start,N743,1.6528692753906284,173.159999,60.926425,53.147088,True,True,True
E873,end,N751,1.487703275390622,173.159999,59.323334,53.312254,True,True,True
E874,start,N753,1.2031612753906273,172.35833,60.926425,53.596796,True,True,True
E874,end,N739,0.6319482753906271,171.556666,60.926425,54.168009,True,True,False
E875,start,N739,0.6319482753906271,171.556666,60.926425,54.168009,True,True,False
E875,end,N754,0.33711827539062256,172.35833,60.926425,54.462839,True,True,False
E876,start,N739,0.6319482753906271,171.556666,60.926425,54.168009,True,True,False
E876,end,N755,0.3080172753906254,170.755,60.926425,54.49194,True,True,False
E877,start,N756,1.2031612753906273,173.961661,60.926425,53.596796,True,True,True
E877,end,N740,0.6319472753906226,174.763337,60.926425,54.16801,True,True,False
E878,start,N740,0.6319472753906226,174.763337,60.926425,54.16801,True,True,False
E878,end,N757,0.3371172753906251,173.961661,60.926425,54.46284,True,True,False
E879,start,N740,0.6319472753906226,174.763337,60.926425,54.16801,True,True,False
E879,end,N758,0.3080172753906254,175.564994,60.926425,54.49194,True,True,False
E880,start,N754,0.33711827539062256,172.35833,60.926425,54.462839,True,True,False
E880,end,N318,0.0,171.556640625,60.92642593383789,54.799957275390625,False,False,False
E881,start,N753,1.2031612753906273,172.35833,60.926425,53.596796,True,True,True
E881,end,N742,0.7666332753906246,173.159999,60.926425,54.033324,True,True,False
E882,start,N754,0.33711827539062256,172.35833,60.926425,54.462839,True,True,False
E882,end,N356,0.0,173.16000366210938,60.92642593383789,54.799957275390625,False,False,False
E883,start,N742,0.7666332753906246,173.159999,60.926425,54.033324,True,True,False
E883,end,N754,0.33711827539062256,172.35833,60.926425,54.462839,True,True,False
E884,start,N743,1.6528692753906284,173.159999,60.926425,53.147088,True,True,True
E884,end,N753,1.2031612753906273,172.35833,60.926425,53.596796,True,True,True
E885,start,N755,0.3080172753906254,170.755,60.926425,54.49194,True,True,False
E885,end,N318,0.0,171.556640625,60.92642593383789,54.799957275390625,False,False,False
E886,start,N755,0.3080172753906254,170.755,60.926425,54.49194,True,True,False
E886,end,N280,0.0,169.95333862304688,60.92642593383789,54.799957275390625,False,False,False
E887,start,N756,1.2031612753906273,173.961661,60.926425,53.596796,True,True,True
E887,end,N742,0.7666332753906246,173.159999,60.926425,54.033324,True,True,False
E888,start,N758,0.3080172753906254,175.564994,60.926425,54.49194,True,True,False
E888,end,N394,0.0,174.76332092285156,60.92642593383789,54.799957275390625,False,False,False
E889,start,N757,0.3371172753906251,173.961661,60.926425,54.46284,True,True,False
E889,end,N356,0.0,173.16000366210938,60.92642593383789,54.799957275390625,False,False,False
E890,start,N742,0.7666332753906246,173.159999,60.926425,54.033324,True,True,False
E890,end,N757,0.3371172753906251,173.961661,60.926425,54.46284,True,True,False
E891,start,N758,0.3080172753906254,175.564994,60.926425,54.49194,True,True,False
E891,end,N432,0.0,176.36663818359375,60.92642593383789,54.799957275390625,False,False,False
E892,start,N757,0.3371172753906251,173.961661,60.926425,54.46284,True,True,False
E892,end,N394,0.0,174.76332092285156,60.92642593383789,54.799957275390625,False,False,False
E893,start,N743,1.6528692753906284,173.159999,60.926425,53.147088,True,True,True
E893,end,N756,1.2031612753906273,173.961661,60.926425,53.596796,True,True,True
E894,start,N746,0.27072427539062716,169.953332,59.323334,54.529233,True,True,False
E894,end,N278,0.0,169.95333862304688,57.720008850097656,54.799957275390625,False,False,False
E895,start,N729,0.746037275390627,169.953332,57.720007,54.05392,True,True,False
E895,end,N746,0.27072427539062716,169.953332,59.323334,54.529233,True,True,False
E896,start,N730,0.7460872753906216,176.366666,57.720007,54.05387,True,True,False
E896,end,N747,0.2707342753906232,176.366655,59.323334,54.529223,True,True,False
E897,start,N747,0.2707342753906232,176.366655,59.323334,54.529223,True,True,False
E897,end,N430,0.0,176.36663818359375,57.720008850097656,54.799957275390625,False,False,False
E898,start,N748,0.33645627539062417,171.556666,59.323334,54.463501,True,True,False
E898,end,N316,0.0,171.556640625,57.720008850097656,54.799957275390625,False,False,False
E899,start,N728,0.9395012753906258,171.556666,57.720007,53.860456,True,True,False
E899,end,N748,0.33645627539062417,171.556666,59.323334,54.463501,True,True,False
E900,start,N749,0.3364582753906262,174.763325,59.323334,54.463499,True,True,False
E900,end,N392,0.0,174.76332092285156,57.720008850097656,54.799957275390625,False,False,False
E901,start,N731,0.9395232753906271,174.763318,57.720007,53.860434,True,True,False
E901,end,N749,0.3364582753906262,174.763325,59.323334,54.463499,True,True,False
E902,start,N720,1.1884082753906284,171.556666,59.323334,53.611549,True,True,True
E902,end,N728,0.9395012753906258,171.556666,57.720007,53.860456,True,True,False
E903,start,N721,1.2526292753906247,174.763316,59.323334,53.547328,True,True,True
E903,end,N731,0.9395232753906271,174.763318,57.720007,53.860434,True,True,False
E904,start,N750,0.4162872753906228,173.159999,59.323334,54.38367,True,True,False
E904,end,N354,0.0,173.16000366210938,57.720008850097656,54.799957275390625,False,False,False
E905,start,N759,1.0139712753906238,173.159999,57.720007,53.785986,True,True,True
E905,end,N750,0.4162872753906228,173.159999,59.323334,54.38367,True,True,False
E906,start,N724,2.516567275390628,173.159999,57.720007,52.28339,True,True,True
E906,end,N751,1.487703275390622,173.159999,59.323334,53.312254,True,True,True
E907,start,N752,2.7938672753906246,173.159999,59.323334,52.00609,True,True,True
E907,end,N724,2.516567275390628,173.159999,57.720007,52.28339,True,True,True
E908,start,N751,1.487703275390622,173.159999,59.323334,53.312254,True,True,True
E908,end,N759,1.0139712753906238,173.159999,57.720007,53.785986,True,True,True
E909,start,N725,4.695218275390623,173.159999,57.720007,50.104739,True,True,True
E909,end,N752,2.7938672753906246,173.159999,59.323334,52.00609,True,True,True
E910,start,N746,0.27072427539062716,169.953332,59.323334,54.529233,True,True,False
E910,end,N298,0.0,170.7550048828125,59.323333740234375,54.799957275390625,False,False,False
E911,start,N760,0.8476782753906278,170.755,59.323334,53.952279,True,True,False
E911,end,N746,0.27072427539062716,169.953332,59.323334,54.529233,True,True,False
E912,start,N746,0.27072427539062716,169.953332,59.323334,54.529233,True,True,False
E912,end,N260,0.0,169.15167236328125,59.323333740234375,54.799957275390625,False,False,False
E913,start,N747,0.2707342753906232,176.366655,59.323334,54.529223,True,True,False
E913,end,N412,0.0,175.5649871826172,59.323333740234375,54.799957275390625,False,False,False
E914,start,N761,0.8476782753906278,175.56499,59.323334,53.952279,True,True,False
E914,end,N747,0.2707342753906232,176.366655,59.323334,54.529223,True,True,False
E915,start,N747,0.2707342753906232,176.366655,59.323334,54.529223,True,True,False
E915,end,N450,0.0,177.1683349609375,59.323333740234375,54.799957275390625,False,False,False
E916,start,N748,0.33645627539062417,171.556666,59.323334,54.463501,True,True,False
E916,end,N336,0.0,172.35833740234375,59.323333740234375,54.799957275390625,False,False,False
E917,start,N762,0.9424612753906274,172.35833,59.323334,53.857496,True,True,False
E917,end,N748,0.33645627539062417,171.556666,59.323334,54.463501,True,True,False
E918,start,N760,0.8476782753906278,170.755,59.323334,53.952279,True,True,False
E918,end,N748,0.33645627539062417,171.556666,59.323334,54.463501,True,True,False
E919,start,N748,0.33645627539062417,171.556666,59.323334,54.463501,True,True,False
E919,end,N298,0.0,170.7550048828125,59.323333740234375,54.799957275390625,False,False,False
E920,start,N761,0.8476782753906278,175.56499,59.323334,53.952279,True,True,False
E920,end,N749,0.3364582753906262,174.763325,59.323334,54.463499,True,True,False
E921,start,N749,0.3364582753906262,174.763325,59.323334,54.463499,True,True,False
E921,end,N374,0.0,173.961669921875,59.323333740234375,54.799957275390625,False,False,False
E922,start,N763,0.9424612753906274,173.961658,59.323334,53.857496,True,True,False
E922,end,N749,0.3364582753906262,174.763325,59.323334,54.463499,True,True,False
E923,start,N749,0.3364582753906262,174.763325,59.323334,54.463499,True,True,False
E923,end,N412,0.0,175.5649871826172,59.323333740234375,54.799957275390625,False,False,False
E924,start,N764,2.0149502753906248,172.35833,59.323334,52.785007,True,True,True
E924,end,N720,1.1884082753906284,171.556666,59.323334,53.611549,True,True,True
E925,start,N720,1.1884082753906284,171.556666,59.323334,53.611549,True,True,True
E925,end,N762,0.9424612753906274,172.35833,59.323334,53.857496,True,True,False
E926,start,N762,0.9424612753906274,172.35833,59.323334,53.857496,True,True,False
E926,end,N750,0.4162872753906228,173.159999,59.323334,54.38367,True,True,False
E927,start,N750,0.4162872753906228,173.159999,59.323334,54.38367,True,True,False
E927,end,N336,0.0,172.35833740234375,59.323333740234375,54.799957275390625,False,False,False
E928,start,N751,1.487703275390622,173.159999,59.323334,53.312254,True,True,True
E928,end,N762,0.9424612753906274,172.35833,59.323334,53.857496,True,True,False
E929,start,N764,2.0149502753906248,172.35833,59.323334,52.785007,True,True,True
E929,end,N751,1.487703275390622,173.159999,59.323334,53.312254,True,True,True
E930,start,N752,2.7938672753906246,173.159999,59.323334,52.00609,True,True,True
E930,end,N764,2.0149502753906248,172.35833,59.323334,52.785007,True,True,True
E931,start,N720,1.1884082753906284,171.556666,59.323334,53.611549,True,True,True
E931,end,N760,0.8476782753906278,170.755,59.323334,53.952279,True,True,False
E932,start,N765,2.0149502753906248,173.961644,59.323334,52.785007,True,True,True
E932,end,N721,1.2526292753906247,174.763316,59.323334,53.547328,True,True,True
E933,start,N721,1.2526292753906247,174.763316,59.323334,53.547328,True,True,True
E933,end,N763,0.9424612753906274,173.961658,59.323334,53.857496,True,True,False
E934,start,N721,1.2526292753906247,174.763316,59.323334,53.547328,True,True,True
E934,end,N761,0.8476782753906278,175.56499,59.323334,53.952279,True,True,False
E935,start,N763,0.9424612753906274,173.961658,59.323334,53.857496,True,True,False
E935,end,N750,0.4162872753906228,173.159999,59.323334,54.38367,True,True,False
E936,start,N750,0.4162872753906228,173.159999,59.323334,54.38367,True,True,False
E936,end,N374,0.0,173.961669921875,59.323333740234375,54.799957275390625,False,False,False
E937,start,N752,2.7938672753906246,173.159999,59.323334,52.00609,True,True,True
E937,end,N765,2.0149502753906248,173.961644,59.323334,52.785007,True,True,True
E938,start,N765,2.0149502753906248,173.961644,59.323334,52.785007,True,True,True
E938,end,N751,1.487703275390622,173.159999,59.323334,53.312254,True,True,True
E939,start,N751,1.487703275390622,173.159999,59.323334,53.312254,True,True,True
E939,end,N763,0.9424612753906274,173.961658,59.323334,53.857496,True,True,False
E940,start,N723,1.5451072753906274,172.35833,57.720007,53.25485,True,True,True
E940,end,N728,0.9395012753906258,171.556666,57.720007,53.860456,True,True,False
E941,start,N728,0.9395012753906258,171.556666,57.720007,53.860456,True,True,False
E941,end,N766,0.4892232753906285,172.35833,57.720007,54.310734,True,True,False
E942,start,N766,0.4892232753906285,172.35833,57.720007,54.310734,True,True,False
E942,end,N316,0.0,171.556640625,57.720008850097656,54.799957275390625,False,False,False
E943,start,N724,2.516567275390628,173.159999,57.720007,52.28339,True,True,True
E943,end,N723,1.5451072753906274,172.35833,57.720007,53.25485,True,True,True
E944,start,N723,1.5451072753906274,172.35833,57.720007,53.25485,True,True,True
E944,end,N759,1.0139712753906238,173.159999,57.720007,53.785986,True,True,True
E945,start,N766,0.4892232753906285,172.35833,57.720007,54.310734,True,True,False
E945,end,N354,0.0,173.16000366210938,57.720008850097656,54.799957275390625,False,False,False
E946,start,N759,1.0139712753906238,173.159999,57.720007,53.785986,True,True,True
E946,end,N766,0.4892232753906285,172.35833,57.720007,54.310734,True,True,False
E947,start,N767,0.4288382753906248,170.755,57.720007,54.371119,True,True,False
E947,end,N316,0.0,171.556640625,57.720008850097656,54.799957275390625,False,False,False
E948,start,N728,0.9395012753906258,171.556666,57.720007,53.860456,True,True,False
E948,end,N767,0.4288382753906248,170.755,57.720007,54.371119,True,True,False
E949,start,N729,0.746037275390627,169.953332,57.720007,54.05392,True,True,False
E949,end,N767,0.4288382753906248,170.755,57.720007,54.371119,True,True,False
E950,start,N767,0.4288382753906248,170.755,57.720007,54.371119,True,True,False
E950,end,N278,0.0,169.95333862304688,57.720008850097656,54.799957275390625,False,False,False
E951,start,N768,0.3630832753906219,169.151669,57.720007,54.436874,True,True,False
E951,end,N278,0.0,169.95333862304688,57.720008850097656,54.799957275390625,False,False,False
E952,start,N729,0.746037275390627,169.953332,57.720007,54.05392,True,True,False
E952,end,N768,0.3630832753906219,169.151669,57.720007,54.436874,True,True,False
E953,start,N724,2.516567275390628,173.159999,57.720007,52.28339,True,True,True
E953,end,N727,1.5451062753906228,173.961641,57.720007,53.254851,True,True,True
E954,start,N727,1.5451062753906228,173.961641,57.720007,53.254851,True,True,True
E954,end,N759,1.0139712753906238,173.159999,57.720007,53.785986,True,True,True
E955,start,N727,1.5451062753906228,173.961641,57.720007,53.254851,True,True,True
E955,end,N731,0.9395232753906271,174.763318,57.720007,53.860434,True,True,False
E956,start,N769,0.42883227539062574,175.564983,57.720007,54.371125,True,True,False
E956,end,N430,0.0,176.36663818359375,57.720008850097656,54.799957275390625,False,False,False
E957,start,N731,0.9395232753906271,174.763318,57.720007,53.860434,True,True,False
E957,end,N769,0.42883227539062574,175.564983,57.720007,54.371125,True,True,False
E958,start,N730,0.7460872753906216,176.366666,57.720007,54.05387,True,True,False
E958,end,N769,0.42883227539062574,175.564983,57.720007,54.371125,True,True,False
E959,start,N731,0.9395232753906271,174.763318,57.720007,53.860434,True,True,False
E959,end,N770,0.4892192753906244,173.96166,57.720007,54.310738,True,True,False
E960,start,N771,0.3631102753906248,177.168329,57.720007,54.436847,True,True,False
E960,end,N430,0.0,176.36663818359375,57.720008850097656,54.799957275390625,False,False,False
E961,start,N769,0.42883227539062574,175.564983,57.720007,54.371125,True,True,False
E961,end,N392,0.0,174.76332092285156,57.720008850097656,54.799957275390625,False,False,False
E962,start,N770,0.4892192753906244,173.96166,57.720007,54.310738,True,True,False
E962,end,N354,0.0,173.16000366210938,57.720008850097656,54.799957275390625,False,False,False
E963,start,N730,0.7460872753906216,176.366666,57.720007,54.05387,True,True,False
E963,end,N771,0.3631102753906248,177.168329,57.720007,54.436847,True,True,False
E964,start,N759,1.0139712753906238,173.159999,57.720007,53.785986,True,True,True
E964,end,N770,0.4892192753906244,173.96166,57.720007,54.310738,True,True,False
E965,start,N771,0.3631102753906248,177.168329,57.720007,54.436847,True,True,False
E965,end,N468,0.0,177.96994018554688,57.720008850097656,54.799957275390625,False,False,False
E966,start,N770,0.4892192753906244,173.96166,57.720007,54.310738,True,True,False
E966,end,N392,0.0,174.76332092285156,57.720008850097656,54.799957275390625,False,False,False
E967,start,N768,0.3630832753906219,169.151669,57.720007,54.436874,True,True,False
E967,end,N240,0.0,168.34999084472656,57.720008850097656,54.799957275390625,False,False,False
E968,start,N772,0.48583427539062285,170.754985,62.530023,54.314123,True,True,False
E968,end,N280,0.0,169.95333862304688,60.92642593383789,54.799957275390625,False,False,False
E969,start,N320,0.0,171.556640625,64.13329315185547,54.799957275390625,False,False,False
E969,end,N772,0.48583427539062285,170.754985,62.530023,54.314123,True,True,False
E970,start,N773,0.3390252753906253,169.151674,59.323344,54.460932,True,True,False
E970,end,N280,0.0,169.95333862304688,60.92642593383789,54.799957275390625,False,False,False
E971,start,N772,0.48583427539062285,170.754985,62.530023,54.314123,True,True,False
E971,end,N774,0.6482352753906255,171.556684,64.133292,54.151722,True,True,False
E972,start,N773,0.3390252753906253,169.151674,59.323344,54.460932,True,True,False
E972,end,N240,0.0,168.34999084472656,57.720008850097656,54.799957275390625,False,False,False
E973,start,N775,0.7308532753906221,169.953358,60.926622,54.069104,True,True,False
E973,end,N773,0.3390252753906253,169.151674,59.323344,54.460932,True,True,False
E974,start,N772,0.48583427539062285,170.754985,62.530023,54.314123,True,True,False
E974,end,N775,0.7308532753906221,169.953358,60.926622,54.069104,True,True,False
E975,start,N774,0.6482352753906255,171.556684,64.133292,54.151722,True,True,False
E975,end,N356,0.0,173.16000366210938,60.92642593383789,54.799957275390625,False,False,False
E976,start,N775,0.7308532753906221,169.953358,60.926622,54.069104,True,True,False
E976,end,N316,0.0,171.556640625,57.720008850097656,54.799957275390625,False,False,False
E977,start,N776,0.48582627539062173,175.565013,62.530023,54.314131,True,True,False
E977,end,N432,0.0,176.36663818359375,60.92642593383789,54.799957275390625,False,False,False
E978,start,N396,0.0,174.76332092285156,64.13329315185547,54.799957275390625,False,False,False
E978,end,N776,0.48582627539062173,175.565013,62.530023,54.314131,True,True,False
E979,start,N777,0.3390212753906283,177.168324,59.323344,54.460936,True,True,False
E979,end,N432,0.0,176.36663818359375,60.92642593383789,54.799957275390625,False,False,False
E980,start,N776,0.48582627539062173,175.565013,62.530023,54.314131,True,True,False
E980,end,N778,0.6482332753906235,174.763314,64.133292,54.151724,True,True,False
E981,start,N777,0.3390212753906283,177.168324,59.323344,54.460936,True,True,False
E981,end,N468,0.0,177.96994018554688,57.720008850097656,54.799957275390625,False,False,False
E982,start,N779,0.730845275390628,176.36664,60.926622,54.069112,True,True,False
E982,end,N777,0.3390212753906283,177.168324,59.323344,54.460936,True,True,False
E983,start,N776,0.48582627539062173,175.565013,62.530023,54.314131,True,True,False
E983,end,N779,0.730845275390628,176.36664,60.926622,54.069112,True,True,False
E984,start,N778,0.6482332753906235,174.763314,64.133292,54.151724,True,True,False
E984,end,N356,0.0,173.16000366210938,60.92642593383789,54.799957275390625,False,False,False
E985,start,N779,0.730845275390628,176.36664,60.926622,54.069112,True,True,False
E985,end,N392,0.0,174.76332092285156,57.720008850097656,54.799957275390625,False,False,False
E986,start,N777,0.3390212753906283,177.168324,59.323344,54.460936,True,True,False
E986,end,N730,0.7460872753906216,176.366666,57.720007,54.05387,True,True,False
E987,start,N470,0.0,177.96994018554688,60.92642593383789,54.799957275390625,False,False,False
E987,end,N777,0.3390212753906283,177.168324,59.323344,54.460936,True,True,False
E988,start,N472,0.0,177.96994018554688,64.13329315185547,54.799957275390625,False,False,False
E988,end,N779,0.730845275390628,176.36664,60.926622,54.069112,True,True,False
E989,start,N778,0.6482332753906235,174.763314,64.133292,54.151724,True,True,False
E989,end,N743,1.6528692753906284,173.159999,60.926425,53.147088,True,True,True
E990,start,N436,0.0,176.36663818359375,67.33989715576172,54.799957275390625,False,False,False
E990,end,N778,0.6482332753906235,174.763314,64.133292,54.151724,True,True,False
E991,start,N776,0.48582627539062173,175.565013,62.530023,54.314131,True,True,False
E991,end,N474,0.0,177.96994018554688,67.33989715576172,54.799957275390625,False,False,False
E992,start,N774,0.6482352753906255,171.556684,64.133292,54.151722,True,True,False
E992,end,N743,1.6528692753906284,173.159999,60.926425,53.147088,True,True,True
E993,start,N284,0.0,169.95333862304688,67.33989715576172,54.799957275390625,False,False,False
E993,end,N774,0.6482352753906255,171.556684,64.133292,54.151722,True,True,False
E994,start,N773,0.3390252753906253,169.151674,59.323344,54.460932,True,True,False
E994,end,N729,0.746037275390627,169.953332,57.720007,54.05392,True,True,False
E995,start,N242,0.0,168.34999084472656,60.92642593383789,54.799957275390625,False,False,False
E995,end,N773,0.3390252753906253,169.151674,59.323344,54.460932,True,True,False
E996,start,N244,0.0,168.34999084472656,64.13329315185547,54.799957275390625,False,False,False
E996,end,N775,0.7308532753906221,169.953358,60.926622,54.069104,True,True,False
E997,start,N772,0.48583427539062285,170.754985,62.530023,54.314123,True,True,False
E997,end,N246,0.0,168.34999084472656,67.33989715576172,54.799957275390625,False,False,False
E998,start,N780,0.5780702753906226,170.754992,55.314989,54.221887,True,True,False
E998,end,N277,0.0,169.95333862304688,56.11665344238281,54.799957275390625,False,False,False
E999,start,N314,0.0,171.556640625,54.51334762573242,54.799957275390625,False,False,False
E999,end,N780,0.5780702753906226,170.754992,55.314989,54.221887,True,True,False
E1000,start,N781,0.39970227539062364,172.358324,53.711678,54.400255,True,True,False
E1000,end,N314,0.0,171.556640625,54.51334762573242,54.799957275390625,False,False,False
E1001,start,N782,0.37091027539062793,169.151674,56.918327,54.429047,True,True,False
E1001,end,N277,0.0,169.95333862304688,56.11665344238281,54.799957275390625,False,False,False
E1002,start,N781,0.39970227539062364,172.358324,53.711678,54.400255,True,True,False
E1002,end,N351,0.0,173.16000366210938,52.90999984741211,54.799957275390625,False,False,False
E1003,start,N783,0.8558772753906254,171.556699,54.513369,53.94408,True,True,False
E1003,end,N781,0.39970227539062364,172.358324,53.711678,54.400255,True,True,False
E1004,start,N780,0.5780702753906226,170.754992,55.314989,54.221887,True,True,False
E1004,end,N783,0.8558772753906254,171.556699,54.513369,53.94408,True,True,False
E1005,start,N782,0.37091027539062793,169.151674,56.918327,54.429047,True,True,False
E1005,end,N240,0.0,168.34999084472656,57.720008850097656,54.799957275390625,False,False,False
E1006,start,N784,0.7981732753906243,169.95336,56.116695,54.001784,True,True,False
E1006,end,N782,0.37091027539062793,169.151674,56.918327,54.429047,True,True,False
E1007,start,N780,0.5780702753906226,170.754992,55.314989,54.221887,True,True,False
E1007,end,N784,0.7981732753906243,169.95336,56.116695,54.001784,True,True,False
E1008,start,N783,0.8558772753906254,171.556699,54.513369,53.94408,True,True,False
E1008,end,N353,0.0,173.16000366210938,56.11665344238281,54.799957275390625,False,False,False
E1009,start,N784,0.7981732753906243,169.95336,56.116695,54.001784,True,True,False
E1009,end,N316,0.0,171.556640625,57.720008850097656,54.799957275390625,False,False,False
E1010,start,N785,0.5780642753906235,175.565006,55.314989,54.221893,True,True,False
E1010,end,N429,0.0,176.36663818359375,56.11665344238281,54.799957275390625,False,False,False
E1011,start,N390,0.0,174.76332092285156,54.51334762573242,54.799957275390625,False,False,False
E1011,end,N785,0.5780642753906235,175.565006,55.314989,54.221893,True,True,False
E1012,start,N786,0.3997032753906282,173.961674,53.711678,54.400254,True,True,False
E1012,end,N390,0.0,174.76332092285156,54.51334762573242,54.799957275390625,False,False,False
E1013,start,N787,0.37094027539062324,177.168324,56.918327,54.429017,True,True,False
E1013,end,N429,0.0,176.36663818359375,56.11665344238281,54.799957275390625,False,False,False
E1014,start,N786,0.3997032753906282,173.961674,53.711678,54.400254,True,True,False
E1014,end,N351,0.0,173.16000366210938,52.90999984741211,54.799957275390625,False,False,False
E1015,start,N788,0.8558792753906275,174.7633,54.513369,53.944078,True,True,False
E1015,end,N786,0.3997032753906282,173.961674,53.711678,54.400254,True,True,False
E1016,start,N785,0.5780642753906235,175.565006,55.314989,54.221893,True,True,False
E1016,end,N788,0.8558792753906275,174.7633,54.513369,53.944078,True,True,False
E1017,start,N787,0.37094027539062324,177.168324,56.918327,54.429017,True,True,False
E1017,end,N468,0.0,177.96994018554688,57.720008850097656,54.799957275390625,False,False,False
E1018,start,N789,0.7981732753906243,176.366638,56.116695,54.001784,True,True,False
E1018,end,N787,0.37094027539062324,177.168324,56.918327,54.429017,True,True,False
E1019,start,N785,0.5780642753906235,175.565006,55.314989,54.221893,True,True,False
E1019,end,N789,0.7981732753906243,176.366638,56.116695,54.001784,True,True,False
E1020,start,N788,0.8558792753906275,174.7633,54.513369,53.944078,True,True,False
E1020,end,N353,0.0,173.16000366210938,56.11665344238281,54.799957275390625,False,False,False
E1021,start,N789,0.7981732753906243,176.366638,56.116695,54.001784,True,True,False
E1021,end,N392,0.0,174.76332092285156,57.720008850097656,54.799957275390625,False,False,False
E1022,start,N787,0.37094027539062324,177.168324,56.918327,54.429017,True,True,False
E1022,end,N730,0.7460872753906216,176.366666,57.720007,54.05387,True,True,False
E1023,start,N467,0.0,177.96994018554688,56.11665344238281,54.799957275390625,False,False,False
E1023,end,N787,0.37094027539062324,177.168324,56.918327,54.429017,True,True,False
E1024,start,N466,0.0,177.96994018554688,54.51334762573242,54.799957275390625,False,False,False
E1024,end,N789,0.7981732753906243,176.366638,56.116695,54.001784,True,True,False
E1025,start,N786,0.3997032753906282,173.961674,53.711678,54.400254,True,True,False
E1025,end,N790,0.8220822753906276,173.159999,54.513362,53.977875,True,True,False
E1026,start,N389,0.0,174.76332092285156,52.90999984741211,54.799957275390625,False,False,False
E1026,end,N786,0.3997032753906282,173.961674,53.711678,54.400254,True,True,False
E1027,start,N788,0.8558792753906275,174.7633,54.513369,53.944078,True,True,False
E1027,end,N791,2.054010275390624,173.159999,56.116683,52.745947,True,True,True
E1028,start,N427,0.0,176.36663818359375,52.90999984741211,54.799957275390625,False,False,False
E1028,end,N788,0.8558792753906275,174.7633,54.513369,53.944078,True,True,False
E1029,start,N785,0.5780642753906235,175.565006,55.314989,54.221893,True,True,False
E1029,end,N465,0.0,177.96994018554688,52.90999984741211,54.799957275390625,False,False,False
E1030,start,N781,0.39970227539062364,172.358324,53.711678,54.400255,True,True,False
E1030,end,N790,0.8220822753906276,173.159999,54.513362,53.977875,True,True,False
E1031,start,N313,0.0,171.556640625,52.90999984741211,54.799957275390625,False,False,False
E1031,end,N781,0.39970227539062364,172.358324,53.711678,54.400255,True,True,False
E1032,start,N783,0.8558772753906254,171.556699,54.513369,53.94408,True,True,False
E1032,end,N791,2.054010275390624,173.159999,56.116683,52.745947,True,True,True
E1033,start,N275,0.0,169.95333862304688,52.90999984741211,54.799957275390625,False,False,False
E1033,end,N783,0.8558772753906254,171.556699,54.513369,53.94408,True,True,False
E1034,start,N782,0.37091027539062793,169.151674,56.918327,54.429047,True,True,False
E1034,end,N729,0.746037275390627,169.953332,57.720007,54.05392,True,True,False
E1035,start,N239,0.0,168.34999084472656,56.11665344238281,54.799957275390625,False,False,False
E1035,end,N782,0.37091027539062793,169.151674,56.918327,54.429047,True,True,False
E1036,start,N238,0.0,168.34999084472656,54.51334762573242,54.799957275390625,False,False,False
E1036,end,N784,0.7981732753906243,169.95336,56.116695,54.001784,True,True,False
E1037,start,N780,0.5780702753906226,170.754992,55.314989,54.221887,True,True,False
E1037,end,N237,0.0,168.34999084472656,52.90999984741211,54.799957275390625,False,False,False
E1038,start,N792,0.8337852753906247,171.556666,56.116674,53.966172,True,True,False
E1038,end,N314,0.0,171.556640625,54.51334762573242,54.799957275390625,False,False,False
E1039,start,N790,0.8220822753906276,173.159999,54.513362,53.977875,True,True,False
E1039,end,N353,0.0,173.16000366210938,56.11665344238281,54.799957275390625,False,False,False
E1040,start,N791,2.054010275390624,173.159999,56.116683,52.745947,True,True,True
E1040,end,N790,0.8220822753906276,173.159999,54.513362,53.977875,True,True,False
E1041,start,N790,0.8220822753906276,173.159999,54.513362,53.977875,True,True,False
E1041,end,N314,0.0,171.556640625,54.51334762573242,54.799957275390625,False,False,False
E1042,start,N790,0.8220822753906276,173.159999,54.513362,53.977875,True,True,False
E1042,end,N351,0.0,173.16000366210938,52.90999984741211,54.799957275390625,False,False,False
E1043,start,N790,0.8220822753906276,173.159999,54.513362,53.977875,True,True,False
E1043,end,N390,0.0,174.76332092285156,54.51334762573242,54.799957275390625,False,False,False
E1044,start,N792,0.8337852753906247,171.556666,56.116674,53.966172,True,True,False
E1044,end,N277,0.0,169.95333862304688,56.11665344238281,54.799957275390625,False,False,False
E1045,start,N791,2.054010275390624,173.159999,56.116683,52.745947,True,True,True
E1045,end,N792,0.8337852753906247,171.556666,56.116674,53.966172,True,True,False
E1046,start,N792,0.8337852753906247,171.556666,56.116674,53.966172,True,True,False
E1046,end,N316,0.0,171.556640625,57.720008850097656,54.799957275390625,False,False,False
E1047,start,N792,0.8337852753906247,171.556666,56.116674,53.966172,True,True,False
E1047,end,N353,0.0,173.16000366210938,56.11665344238281,54.799957275390625,False,False,False
E1048,start,N791,2.054010275390624,173.159999,56.116683,52.745947,True,True,True
E1048,end,N793,0.8337852753906247,174.763306,56.116674,53.966172,True,True,False
E1049,start,N793,0.8337852753906247,174.763306,56.116674,53.966172,True,True,False
E1049,end,N392,0.0,174.76332092285156,57.720008850097656,54.799957275390625,False,False,False
E1050,start,N793,0.8337852753906247,174.763306,56.116674,53.966172,True,True,False
E1050,end,N353,0.0,173.16000366210938,56.11665344238281,54.799957275390625,False,False,False
E1051,start,N793,0.8337852753906247,174.763306,56.116674,53.966172,True,True,False
E1051,end,N390,0.0,174.76332092285156,54.51334762573242,54.799957275390625,False,False,False
E1052,start,N793,0.8337852753906247,174.763306,56.116674,53.966172,True,True,False
E1052,end,N429,0.0,176.36663818359375,56.11665344238281,54.799957275390625,False,False,False
E1053,start,N729,0.746037275390627,169.953332,57.720007,54.05392,True,True,False
E1053,end,N277,0.0,169.95333862304688,56.11665344238281,54.799957275390625,False,False,False
E1054,start,N791,2.054010275390624,173.159999,56.116683,52.745947,True,True,True
E1054,end,N759,1.0139712753906238,173.159999,57.720007,53.785986,True,True,True
E1055,start,N730,0.7460872753906216,176.366666,57.720007,54.05387,True,True,False
E1055,end,N429,0.0,176.36663818359375,56.11665344238281,54.799957275390625,False,False,False
E1056,start,N759,1.0139712753906238,173.159999,57.720007,53.785986,True,True,True
E1056,end,N353,0.0,173.16000366210938,56.11665344238281,54.799957275390625,False,False,False
E1057,start,N725,4.695218275390623,173.159999,57.720007,50.104739,True,True,True
E1057,end,N791,2.054010275390624,173.159999,56.116683,52.745947,True,True,True
E1058,start,N718,1.9832672753906238,174.763357,57.720007,52.81669,True,True,True
E1058,end,N793,0.8337852753906247,174.763306,56.116674,53.966172,True,True,False
E1059,start,N716,1.9832552753906256,171.556666,57.720007,52.816702,True,True,True
E1059,end,N792,0.8337852753906247,171.556666,56.116674,53.966172,True,True,False
E1060,start,N775,0.7308532753906221,169.953358,60.926622,54.069104,True,True,False
E1060,end,N716,1.9832552753906256,171.556666,57.720007,52.816702,True,True,True
E1061,start,N784,0.7981732753906243,169.95336,56.116695,54.001784,True,True,False
E1061,end,N716,1.9832552753906256,171.556666,57.720007,52.816702,True,True,True
E1062,start,N789,0.7981732753906243,176.366638,56.116695,54.001784,True,True,False
E1062,end,N718,1.9832672753906238,174.763357,57.720007,52.81669,True,True,True
E1063,start,N779,0.730845275390628,176.36664,60.926622,54.069112,True,True,False
E1063,end,N718,1.9832672753906238,174.763357,57.720007,52.81669,True,True,True
E1064,start,N793,0.8337852753906247,174.763306,56.116674,53.966172,True,True,False
E1064,end,N785,0.5780642753906235,175.565006,55.314989,54.221893,True,True,False
E1065,start,N792,0.8337852753906247,171.556666,56.116674,53.966172,True,True,False
E1065,end,N780,0.5780702753906226,170.754992,55.314989,54.221887,True,True,False
E1066,start,N740,0.6319472753906226,174.763337,60.926425,54.16801,True,True,False
E1066,end,N776,0.48582627539062173,175.565013,62.530023,54.314131,True,True,False
E1067,start,N739,0.6319482753906271,171.556666,60.926425,54.168009,True,True,False
E1067,end,N772,0.48583427539062285,170.754985,62.530023,54.314123,True,True,False
E1068,start,N794,0.2932592753906249,172.358327,65.736653,54.506698,True,True,False
E1068,end,N732,0.4790472753906272,173.159999,64.133327,54.32091,True,True,False
E1069,start,N795,0.2932592753906249,173.961671,65.736653,54.506698,True,True,False
E1069,end,N732,0.4790472753906272,173.159999,64.133327,54.32091,True,True,False
E1070,start,N322,0.0,171.556640625,67.33989715576172,54.799957275390625,False,False,False
E1070,end,N794,0.2932592753906249,172.358327,65.736653,54.506698,True,True,False
E1071,start,N398,0.0,174.76332092285156,67.33989715576172,54.799957275390625,False,False,False
E1071,end,N795,0.2932592753906249,173.961671,65.736653,54.506698,True,True,False
E1072,start,N778,0.6482332753906235,174.763314,64.133292,54.151724,True,True,False
E1072,end,N795,0.2932592753906249,173.961671,65.736653,54.506698,True,True,False
E1073,start,N795,0.2932592753906249,173.961671,65.736653,54.506698,True,True,False
E1073,end,N360,0.0,173.16000366210938,67.33989715576172,54.799957275390625,False,False,False
E1074,start,N795,0.2932592753906249,173.961671,65.736653,54.506698,True,True,False
E1074,end,N396,0.0,174.76332092285156,64.13329315185547,54.799957275390625,False,False,False
E1075,start,N774,0.6482352753906255,171.556684,64.133292,54.151722,True,True,False
E1075,end,N794,0.2932592753906249,172.358327,65.736653,54.506698,True,True,False
E1076,start,N794,0.2932592753906249,172.358327,65.736653,54.506698,True,True,False
E1076,end,N360,0.0,173.16000366210938,67.33989715576172,54.799957275390625,False,False,False
E1077,start,N794,0.2932592753906249,172.358327,65.736653,54.506698,True,True,False
E1077,end,N320,0.0,171.556640625,64.13329315185547,54.799957275390625,False,False,False
